-- MySQL dump 10.13  Distrib 5.5.37, for debian-linux-gnu (x86_64)
--
-- Host: localhost    Database: bitrix_test
-- ------------------------------------------------------
-- Server version	5.5.37-0ubuntu0.14.04.1

/*!40101 SET @OLD_CHARACTER_SET_CLIENT=@@CHARACTER_SET_CLIENT */;
/*!40101 SET @OLD_CHARACTER_SET_RESULTS=@@CHARACTER_SET_RESULTS */;
/*!40101 SET @OLD_COLLATION_CONNECTION=@@COLLATION_CONNECTION */;
/*!40101 SET NAMES utf8 */;
/*!40103 SET @OLD_TIME_ZONE=@@TIME_ZONE */;
/*!40103 SET TIME_ZONE='+00:00' */;
/*!40014 SET @OLD_UNIQUE_CHECKS=@@UNIQUE_CHECKS, UNIQUE_CHECKS=0 */;
/*!40014 SET @OLD_FOREIGN_KEY_CHECKS=@@FOREIGN_KEY_CHECKS, FOREIGN_KEY_CHECKS=0 */;
/*!40101 SET @OLD_SQL_MODE=@@SQL_MODE, SQL_MODE='NO_AUTO_VALUE_ON_ZERO' */;
/*!40111 SET @OLD_SQL_NOTES=@@SQL_NOTES, SQL_NOTES=0 */;

--
-- Table structure for table `b_autodoc_tscalc_item_price`
--

DROP TABLE IF EXISTS `b_autodoc_tscalc_item_price`;
/*!40101 SET @saved_cs_client     = @@character_set_client */;
/*!40101 SET character_set_client = utf8 */;
CREATE TABLE `b_autodoc_tscalc_item_price` (
  `ITEM_CODE` varchar(25) NOT NULL,
  `BRAND_ID` int(10) NOT NULL,
  `MODEL_ID` int(11) NOT NULL,
  `MODEL_TYPE_ID` int(10) NOT NULL,
  `SERVICE_ID` int(10) NOT NULL,
  `ITEM_CAPTION` varchar(35) NOT NULL,
  `ITEM_CAPTION_UKR` varchar(35) DEFAULT NULL,
  `QUANTITY` float(10,2) NOT NULL DEFAULT '1.00',
  `PRICE` float(10,2) NOT NULL,
  `CURRENCY` varchar(5) NOT NULL,
  UNIQUE KEY `ITEM_CODE_BRAND_SERVICE` (`ITEM_CODE`,`BRAND_ID`,`MODEL_ID`,`MODEL_TYPE_ID`,`SERVICE_ID`)
) ENGINE=InnoDB DEFAULT CHARSET=utf8;
/*!40101 SET character_set_client = @saved_cs_client */;

--
-- Dumping data for table `b_autodoc_tscalc_item_price`
--

LOCK TABLES `b_autodoc_tscalc_item_price` WRITE;
/*!40000 ALTER TABLE `b_autodoc_tscalc_item_price` DISABLE KEYS */;
INSERT INTO `b_autodoc_tscalc_item_price` VALUES ('  XDO-015',20827,3,2,1,'Фильтр масляный','Фільтр масляний',1.00,112.00,'UAH'),('  XDO-015',20827,3,3,1,'Фильтр масляный','Фільтр масляний',1.00,112.00,'UAH'),(' 1145A078 ',20827,6,6,11,'Ролик обводной','Обвідний Ролик',1.00,720.00,'UAH'),(' 1145A078 ',20827,6,7,11,'Ролик обводной','Обвідний Ролик',1.00,720.00,'UAH'),(' 1770A046',20827,4,4,4,'Фильтр топливный','Фільтр паливний',1.00,2766.00,'UAH'),(' 1770A260',20827,2,16,4,'Фильтр топливный','Фільтр паливний',1.00,2423.00,'UAH'),(' 1770A260',20827,2,17,4,'Фильтр топливный','Фільтр паливний',1.00,2423.00,'UAH'),(' 1770A260',20827,2,18,4,'Фильтр топливный','Фільтр паливний',1.00,2423.00,'UAH'),(' 1822A002',20827,9,19,5,'Свечи зажигания , 6шт','Свічки запалювання  6шт',6.00,352.00,'UAH'),(' 1822A002',20827,9,20,5,'Свечи зажигания , 6шт','Свічки запалювання  6шт',6.00,352.00,'UAH'),(' B000750M9',20827,9,19,7,'Тормозная жидкость , 1л','Гальмівна рідина  1л',1.00,175.00,'UAH'),(' B000750M9',20827,9,20,7,'Тормозная жидкость , 1л','Гальмівна рідина  1л',1.00,175.00,'UAH'),(' B000750M9',20827,9,21,7,'Тормозная жидкость , 1л','Гальмівна рідина  1л',5.00,232.00,'UAH'),(' B000750M9',20827,9,22,7,'Тормозная жидкость , 1л','Гальмівна рідина  1л',0.00,0.00,'UAH'),(' C1559',20827,8,10,9,'Трансмисионное масло CVT FLUID J1, ','Трансмісійне масло CVT FLUID J1 ',1.00,1512.00,'UAH'),(' C1559',20827,8,14,9,'Трансмисионное масло CVT FLUID J1, ','Трансмісійне масло CVT FLUID J1 ',1.00,1512.00,'UAH'),(' D306020',20827,9,19,9,'Трансмиссионное масло в АКПП , 6л','Трансмісійне масло в АКПП  6л',6.00,245.00,'UAH'),(' FC158J',20827,6,6,4,'Фильтр топливный','Фільтр паливний',1.00,420.00,'UAH'),(' FC158J',20827,6,7,4,'Фильтр топливный','Фільтр паливний',1.00,420.00,'UAH'),(' MD352473',20827,5,5,11,'Ролик ремня балансирного вала','Ролик ременя балансирного вала',1.00,643.00,'UAH'),(' MD352473',20827,5,23,11,'Ролик ремня балансирного вала','Ролик ременя балансирного вала',1.00,643.00,'UAH'),(' MN128362',20827,3,2,5,'Свечи зажигания , 4шт','Свічки запалювання  4шт',4.00,294.00,'UAH'),(' MN128362',20827,3,3,5,'Свечи зажигания , 4шт','Свічки запалювання  4шт',4.00,294.00,'UAH'),(' MN163236',20827,4,4,5,'Свечи зажигания , 4шт','Свічки запалювання  4шт',4.00,200.00,'UAH'),(' MR528836',20827,9,19,9,'Фильтр АКПП    ','Фільтр АКПП ',1.00,660.00,'UAH'),(' MR528836',20827,9,20,9,'Фильтр АКПП    ','Фільтр АКПП ',1.00,660.00,'UAH'),(' MR528836',20827,9,21,9,'Фильтр АКПП    ','Фільтр АКПП ',1.00,660.00,'UAH'),(' XDA-209',20827,9,19,2,'Фильтр воздушный','Фільтр повітряний',1.00,324.00,'UAH'),(' XDA-209',20827,9,20,2,'Фильтр воздушный','Фільтр повітряний',1.00,324.00,'UAH'),(' XDA-257',20827,2,16,2,'Фильтр воздушный','Фільтр повітряний',1.00,240.00,'UAH'),(' XDA-257',20827,2,17,2,'Фильтр воздушный','Фільтр повітряний',1.00,240.00,'UAH'),(' XDA-257',20827,2,18,2,'Фильтр воздушный','Фільтр повітряний',1.00,240.00,'UAH'),(' XDA-257',20827,8,10,2,'Фильтр воздушный','Фільтр повітряний',1.00,240.00,'UAH'),(' XDA-257',20827,8,11,2,'Фильтр воздушный','Фільтр повітряний',1.00,240.00,'UAH'),(' XDA-257',20827,8,12,2,'Фильтр воздушный','Фільтр повітряний',1.00,240.00,'UAH'),(' XDA-257',20827,8,13,2,'Фильтр воздушный','Фільтр повітряний',1.00,240.00,'UAH'),(' XDA-257',20827,8,14,2,'Фильтр воздушный','Фільтр повітряний',1.00,240.00,'UAH'),(' XDA-257',20827,8,15,2,'Фильтр воздушный','Фільтр повітряний',1.00,240.00,'UAH'),(' XDO-015',20827,7,8,1,'Фильтр масляный','Фільтр масляний',1.00,112.00,'UAH'),(' XDO-015',20827,7,9,1,'Фильтр масляный','Фільтр масляний',1.00,112.00,'UAH'),(' XDO015',20827,4,4,1,'Фильтр масляный','Фільтр масляний',1.00,112.00,'UAH'),('1145A019',20827,6,6,11,'Ремень ГРМ','Ремінь ГРМ',1.00,973.00,'UAH'),('1145A019',20827,6,7,11,'Ремень ГРМ','Ремінь ГРМ',1.00,973.00,'UAH'),('1145A026',20827,2,18,11,'Ролик обводной ремня ГРМ','Обвідний Ролик ременя ГРМ',1.00,603.00,'UAH'),('1145A031',20827,6,6,11,'Гидронатяжитель ремня ГРМ','Гидронатяжитель ременя ГРМ',1.00,2014.00,'UAH'),('1145A031',20827,6,7,11,'Гидронатяжитель ремня ГРМ','Гидронатяжитель ременя ГРМ',1.00,2014.00,'UAH'),('1145A034',20827,2,18,11,'Ремень ГРМ','Ремінь ГРМ',1.00,740.00,'UAH'),('1145A042',20827,2,18,11,'Ролик натяжной ремня ГРМ','Ролик натяжний ременя ГРМ',1.00,898.00,'UAH'),('1145A051',20827,7,8,11,'Ремень ГРМ','Ремінь ГРМ',1.00,664.00,'UAH'),('1145A079',20827,6,6,11,'Ролик натяжной ремня ГРМ','Ролик натяжний ременя ГРМ',1.00,930.00,'UAH'),('1145A079',20827,6,7,11,'Ролик натяжной ремня ГРМ','Ролик натяжний ременя ГРМ',1.00,930.00,'UAH'),('1145A080',20827,2,18,11,'Гидронатяжитель ремня ГРМ','Гидронатяжитель ременя ГРМ',1.00,1609.00,'UAH'),('1770A270',20827,8,10,4,'Фильтр топливный','Фільтр паливний',1.00,2692.00,'UAH'),('1770A270',20827,8,11,4,'Фильтр топливный','Фільтр паливний',1.00,2692.00,'UAH'),('1770A270',20827,8,12,4,'Фильтр топливный','Фільтр паливний',1.00,2692.00,'UAH'),('1770A270',20827,8,13,4,'Фильтр топливный','Фільтр паливний',1.00,2692.00,'UAH'),('1770A270',20827,8,14,4,'Фильтр топливный','Фільтр паливний',1.00,2692.00,'UAH'),('1770A270',20827,8,15,4,'Фильтр топливный','Фільтр паливний',1.00,2692.00,'UAH'),('1822A010',20827,2,18,5,'Свечи зажигания , 6шт','Свічки запалювання  6шт',6.00,409.00,'UAH'),('1822A030',20827,2,16,5,'Свечи зажигания , 4шт','Свічки запалювання  4шт',4.00,320.00,'UAH'),('1822A030',20827,2,17,5,'Свечи зажигания , 4шт','Свічки запалювання  4шт',4.00,320.00,'UAH'),('2705A023',20827,0,22,9,'Прокладка АКПП                     ','Прокладка АКПП ',1.00,402.00,'UAH'),('2804A020',20827,9,22,9,'Фильтр АКПП    ','Фільтр АКПП ',1.00,945.00,'UAH'),('A1076',20827,3,2,2,'Фильтр воздушный','Фільтр повітряний',1.00,166.00,'UAH'),('A1076',20827,3,3,2,'Фильтр воздушный','Фільтр повітряний',1.00,166.00,'UAH'),('A1081',20827,5,5,2,'Фильтр воздушный','Фільтр повітряний',1.00,318.00,'UAH'),('A1081',20827,5,23,2,'Фильтр воздушный','Фільтр повітряний',1.00,318.00,'UAH'),('A3017',20827,9,21,2,'Фильтр воздушный','Фільтр повітряний',1.00,324.00,'UAH'),('A3017',20827,9,22,2,'Фильтр воздушный','Фільтр повітряний',1.00,324.00,'UAH'),('ANTIFREEZED25L',20827,2,16,6,'Охлаждающая жидкость,4л','Охолоджуюча рідина5л',4.00,115.00,'UAH'),('ANTIFREEZED25L',20827,2,17,6,'Охлаждающая жидкость,4л','Охолоджуюча рідина5л',4.00,115.00,'UAH'),('ANTIFREEZED25L',20827,2,18,6,'Охлаждающая жидкость,4л','Охолоджуюча рідина5л',4.00,115.00,'UAH'),('ANTIFREEZED25L',20827,3,2,6,'Охлаждающая жидкость,3,5л','Охолоджуюча рідина5л',3.00,115.00,'UAH'),('ANTIFREEZED25L',20827,3,3,6,'Охлаждающая жидкость,3,5л','Охолоджуюча рідина5л',3.00,115.00,'UAH'),('ANTIFREEZED25L',20827,4,4,6,'Охлаждающая жидкость,4л','Охолоджуюча рідина5л',3.00,115.00,'UAH'),('ANTIFREEZED25L',20827,5,5,6,'Охлаждающая жидкость,3.5л','Охолоджуюча рідина5л',3.00,115.00,'UAH'),('ANTIFREEZED25L',20827,5,23,6,'Охлаждающая жидкость,3.5л','Охолоджуюча рідина5л',3.00,115.00,'UAH'),('ANTIFREEZED25L',20827,6,6,6,'Охлаждающая жидкость,7л','Охолоджуюча рідина5л',7.00,115.00,'UAH'),('ANTIFREEZED25L',20827,6,7,6,'Охлаждающая жидкость,7л','Охолоджуюча рідина5л',7.00,115.00,'UAH'),('ANTIFREEZED25L',20827,7,8,6,'Охлаждающая жидкость,3л','Охолоджуюча рідина5л',3.00,115.00,'UAH'),('ANTIFREEZED25L',20827,7,9,6,'Охлаждающая жидкость,3л','Охолоджуюча рідина5л',3.00,115.00,'UAH'),('ANTIFREEZED25L',20827,8,10,6,'Охлаждающая жидкость,3.5л','Охолоджуюча рідина5л',3.00,115.00,'UAH'),('ANTIFREEZED25L',20827,8,11,6,'Охлаждающая жидкость,3.5л','Охолоджуюча рідина5л',3.00,115.00,'UAH'),('ANTIFREEZED25L',20827,8,12,6,'Охлаждающая жидкость,3л','Охолоджуюча рідина5л',3.00,115.00,'UAH'),('ANTIFREEZED25L',20827,8,13,6,'Охлаждающая жидкость,3л','Охолоджуюча рідина5л',3.00,115.00,'UAH'),('ANTIFREEZED25L',20827,8,14,6,'Охлаждающая жидкость,3.5л','Охолоджуюча рідина5л',3.00,115.00,'UAH'),('ANTIFREEZED25L',20827,8,15,6,'Охлаждающая жидкость,3.5л','Охолоджуюча рідина5л',3.00,115.00,'UAH'),('ANTIFREEZED25L',20827,9,19,6,'Охлаждающая жидкость,5л','Охолоджуюча рідина5л',5.00,115.00,'UAH'),('ANTIFREEZED25L',20827,9,20,6,'Охлаждающая жидкость,5л','Охолоджуюча рідина5л',5.00,115.00,'UAH'),('ANTIFREEZED25L',20827,9,21,6,'Охлаждающая жидкость,5л','Охолоджуюча рідина5л',5.00,115.00,'UAH'),('ANTIFREEZED25L',20827,9,22,6,'Охлаждающая жидкость,5л','Охолоджуюча рідина5л',5.00,115.00,'UAH'),('B000750M9',20827,2,16,7,'Тормозная жидкость , 1л','Гальмівна рідина  1л',1.00,175.00,'UAH'),('B000750M9',20827,2,17,7,'Тормозная жидкость , 1л','Гальмівна рідина  1л',1.00,175.00,'UAH'),('B000750M9',20827,2,18,7,'Тормозная жидкость , 1л','Гальмівна рідина  1л',1.00,175.00,'UAH'),('B000750M9',20827,3,2,7,'Тормозная жидкость , 1л','Гальмівна рідина  1л',1.00,175.00,'UAH'),('B000750M9',20827,3,3,7,'Тормозная жидкость , 1л','Гальмівна рідина  1л',1.00,175.00,'UAH'),('B000750M9',20827,4,4,7,'Тормозная жидкость , 1л','Гальмівна рідина  1л',1.00,175.00,'UAH'),('B000750M9',20827,5,5,7,'Тормозная жидкость , 1л','Гальмівна рідина  1л',1.00,175.00,'UAH'),('B000750M9',20827,5,23,7,'Тормозная жидкость , 1л','Гальмівна рідина  1л',1.00,175.00,'UAH'),('B000750M9',20827,6,6,7,'Тормозная жидкость , 1л','Гальмівна рідина  1л',1.00,175.00,'UAH'),('B000750M9',20827,6,7,7,'Тормозная жидкость , 1л','Гальмівна рідина  1л',1.00,175.00,'UAH'),('B000750M9',20827,7,8,7,'Тормозная жидкость , 1л','Гальмівна рідина  1л',1.00,175.00,'UAH'),('B000750M9',20827,7,9,7,'Тормозная жидкость , 1л','Гальмівна рідина  1л',1.00,175.00,'UAH'),('B000750M9',20827,8,10,7,'Тормозная жидкость , 1л','Гальмівна рідина  1л',1.00,175.00,'UAH'),('B000750M9',20827,8,11,7,'Тормозная жидкость , 1л','Гальмівна рідина  1л',1.00,175.00,'UAH'),('B000750M9',20827,8,12,7,'Тормозная жидкость , 1л','Гальмівна рідина  1л',1.00,175.00,'UAH'),('B000750M9',20827,8,13,7,'Тормозная жидкость , 1л','Гальмівна рідина  1л',1.00,175.00,'UAH'),('B000750M9',20827,8,14,7,'Тормозная жидкость , 1л','Гальмівна рідина  1л',1.00,175.00,'UAH'),('B000750M9',20827,8,15,7,'Тормозная жидкость , 1л','Гальмівна рідина  1л',1.00,175.00,'UAH'),('C1559',20827,2,16,9,'Трансмисионное масло в CVT FLUID J1','Трансмісійне масло в CVT FLUID J1',6.00,252.00,'UAH'),('C306j',20827,6,6,1,'Фильтр масляный','Фільтр масляний',1.00,246.00,'UAH'),('C306j',20827,6,7,1,'Фильтр масляный','Фільтр масляний',1.00,246.00,'UAH'),('C307J',20827,9,19,1,'Фильтр масляный','Фільтр масляний',1.00,112.00,'UAH'),('C307J',20827,9,20,1,'Фильтр масляный','Фільтр масляний',1.00,112.00,'UAH'),('C313J',20827,9,21,1,'Фильтр масляный','Фільтр масляний',1.00,278.00,'UAH'),('C313J',20827,9,22,1,'Фильтр масляный','Фільтр масляний',1.00,278.00,'UAH'),('D306020',20827,2,18,9,'Трансмиссионное масло в АКПП , 6л','Трансмісійне масло в АКПП  5л',6.00,245.00,'UAH'),('D306020',20827,5,5,9,'Трансмиссионное масло в АКПП , 5л','Трансмісійне масло в АКПП  5л',5.00,232.00,'UAH'),('D306020',20827,6,6,9,'Трансмиссионное масло в АКПП , 5.5л','Трансмісійне масло в АКПП  5л',5.00,232.00,'UAH'),('D306020',20827,7,8,9,'Трансмиссионное масло в АКПП , 5л','Трансмісійне масло в АКПП  5л',5.00,232.00,'UAH'),('D306020',20827,8,13,9,'Трансмиссионное масло в АКПП , 5л','Трансмісійне масло в АКПП  5л',5.00,245.00,'UAH'),('ITEM_CODE',0,0,0,0,'CAPTION','CAPTION',0.00,0.00,''),('M065208P',20827,2,16,1,'Моторное масло MOBIL 5W50, 4.3л','Моторне масло MOBIL 5W50 9.4 л',4.00,228.00,'UAH'),('M065208P',20827,2,17,1,'Моторное масло MOBIL 5W50, 4.3л','Моторне масло MOBIL 5W50 9.4 л',4.00,228.00,'UAH'),('M065208P',20827,2,18,1,'Моторное масло MOBIL 5W50, 4.3л','Моторне масло MOBIL 5W50 9.4 л',4.00,228.00,'UAH'),('M065208P',20827,3,2,1,'Моторное масло MOBIL 5W50, 4л','Моторне масло MOBIL 5W50 9.4 л',1.00,912.00,'UAH'),('M065208P',20827,3,3,1,'Моторное масло MOBIL 5W50, 4л','Моторне масло MOBIL 5W50 9.4 л',1.00,912.00,'UAH'),('M065208P',20827,4,4,1,'Моторное масло MOBIL 5W50, 4л','Моторне масло MOBIL 5W50 9.4 л',1.00,912.00,'UAH'),('M065208P',20827,5,5,1,'Моторное масло MOBIL 5W50, 4л','Моторне масло MOBIL 5W50 9.4 л',4.00,228.00,'UAH'),('M065208P',20827,5,23,1,'Моторное масло MOBIL 5W50, 4л','Моторне масло MOBIL 5W50 9.4 л',4.00,228.00,'UAH'),('M065208P',20827,6,6,1,'Моторное масло MOBIL 5W50, 7.3л','Моторне масло MOBIL 5W50 9.4 л',7.00,228.00,'UAH'),('M065208P',20827,6,7,1,'Моторное масло MOBIL 5W50, 7.3л','Моторне масло MOBIL 5W50 9.4 л',7.00,228.00,'UAH'),('M065208P',20827,7,8,1,'Моторное масло MOBIL 5W50, 3.3л','Моторне масло MOBIL 5W50 9.4 л',3.00,228.00,'UAH'),('M065208P',20827,7,9,1,'Моторное масло MOBIL 5W50, 3.3л','Моторне масло MOBIL 5W50 9.4 л',3.00,228.00,'UAH'),('M065208P',20827,8,10,1,'Моторное масло MOBIL 5W50, 4л','Моторне масло MOBIL 5W50 9.4 л',4.00,228.00,'UAH'),('M065208P',20827,8,11,1,'Моторное масло MOBIL 5W50, 4л','Моторне масло MOBIL 5W50 9.4 л',4.00,228.00,'UAH'),('M065208P',20827,8,12,1,'Моторное масло MOBIL 5W50, 4л','Моторне масло MOBIL 5W50 9.4 л',4.00,228.00,'UAH'),('M065208P',20827,8,13,1,'Моторное масло MOBIL 5W50, 4л','Моторне масло MOBIL 5W50 9.4 л',4.00,228.00,'UAH'),('M065208P',20827,8,14,1,'Моторное масло MOBIL 5W50, 4л','Моторне масло MOBIL 5W50 9.4 л',4.00,228.00,'UAH'),('M065208P',20827,8,15,1,'Моторное масло MOBIL 5W50, 4л','Моторне масло MOBIL 5W50 9.4 л',4.00,228.00,'UAH'),('M065208P',20827,9,19,1,'Моторное масло MOBIL 5W50, 4.6л','Моторне масло MOBIL 5W50 9.4 л',4.00,228.00,'UAH'),('M065208P',20827,9,20,1,'Моторное масло MOBIL 5W50, 4.8л','Моторне масло MOBIL 5W50 9.4 л',4.00,228.00,'UAH'),('M065208P',20827,9,21,1,'Моторное масло MOBIL 5W50, 9.4л','Моторне масло MOBIL 5W50 9.4 л',9.00,228.00,'UAH'),('M065208P',20827,9,22,1,'Моторное масло MOBIL 5W50, 9.4л','Моторне масло MOBIL 5W50 9.4 л',9.00,228.00,'UAH'),('Maxpower75W-140',20827,9,21,9,'Трансмиссионное масло 75W140, 3,5л','Трансмісійне масло 75W140 35 л',3.00,213.00,'UAH'),('MD050125',20827,6,6,11,'Ролик натяжной балансировочного вал','Ролик натяжний балансування вал',1.00,940.00,'UAH'),('MD050125',20827,6,7,11,'Ролик натяжной балансировочного вал','Ролик натяжний балансування вал',1.00,940.00,'UAH'),('MD140071',20827,9,18,11,'Ролик натяжной ремня ГРМ','Ролик натяжний ременя ГРМ',1.00,634.00,'UAH'),('MD310484',20827,6,6,11,'Ремень балансировочного вала','Ремінь балансування валу',1.00,620.00,'UAH'),('MD310484',20827,6,7,11,'Ремень балансировочного вала','Ремінь балансування валу',1.00,620.00,'UAH'),('MD319022',20827,9,18,11,'Ролик обводной ремня ГРМ','Обвідний Ролик ременя ГРМ',1.00,651.00,'UAH'),('MD356509',20827,7,9,11,'Ролик натяжной ремня ГРМ','Ролик натяжний ременя ГРМ',1.00,992.00,'UAH'),('MD358557',20827,9,22,11,'Ремень ГРМ','Ремінь ГРМ',1.00,1480.00,'UAH'),('MD362861',20827,9,18,11,'Гидронатяжитель ремня ГРМ','Гидронатяжитель ременя ГРМ',1.00,881.00,'UAH'),('MN137247',20827,5,5,11,'Ролик натяжной ремня ГРМ','Ролик натяжний ременя ГРМ',1.00,584.00,'UAH'),('MN137247',20827,5,23,11,'Ролик натяжной ремня ГРМ','Ролик натяжний ременя ГРМ',1.00,584.00,'UAH'),('MN137248',20827,5,5,11,'Ролик обводной ремня ГРМ','Обвідний Ролик ременя ГРМ',1.00,660.00,'UAH'),('MN137248',20827,5,23,11,'Ролик обводной ремня ГРМ','Обвідний Ролик ременя ГРМ',1.00,660.00,'UAH'),('MN158345',20827,5,5,4,'Фильтр топливный','Фільтр паливний',1.00,1524.00,'UAH'),('MN158345',20827,5,23,4,'Фильтр топливный','Фільтр паливний',1.00,1524.00,'UAH'),('MN158596',20827,5,5,5,'Свечи зажигания , 4шт','Свічки запалювання  4шт',4.00,370.00,'UAH'),('MN158596',20827,5,23,5,'Свечи зажигания , 4шт','Свічки запалювання  4шт',4.00,370.00,'UAH'),('MN158596',20827,8,12,5,'Свечи зажигания , 4шт','Свічки запалювання  4шт',4.00,330.00,'UAH'),('MN158596',20827,8,13,5,'Свечи зажигания , 4шт','Свічки запалювання  4шт',4.00,330.00,'UAH'),('MN163236',20827,8,10,5,'Свечи зажигания , 4шт','Свічки запалювання  4шт',4.00,336.00,'UAH'),('MN163236',20827,8,11,5,'Свечи зажигания , 4шт','Свічки запалювання  4шт',4.00,336.00,'UAH'),('MN163236',20827,8,14,5,'Свечи зажигания , 4шт','Свічки запалювання  4шт',4.00,336.00,'UAH'),('MN163236',20827,8,15,5,'Свечи зажигания , 4шт','Свічки запалювання  4шт',4.00,336.00,'UAH'),('MR529135',20827,9,19,4,'Фильтр топливный','Фільтр паливний',1.00,930.00,'UAH'),('MR529135',20827,9,20,4,'Фильтр топливный','Фільтр паливний',1.00,930.00,'UAH'),('MR552781',20827,7,8,4,'Фильтр топливный','Фільтр паливний',1.00,1794.00,'UAH'),('MR552781',20827,7,9,4,'Фильтр топливный','Фільтр паливний',1.00,1794.00,'UAH'),('MR984375',20827,5,5,11,'Гидронатяжитель ремня ГРМ','Гидронатяжитель ременя ГРМ',1.00,1820.00,'UAH'),('MR984375',20827,5,23,11,'Гидронатяжитель ремня ГРМ','Гидронатяжитель ременя ГРМ',1.00,1820.00,'UAH'),('MR984778',20827,5,5,11,'Ремень балансирного вала','Ремінь балансирного вала',1.00,320.00,'UAH'),('MR984778',20827,5,23,11,'Ремень балансирного вала','Ремінь балансирного вала',1.00,320.00,'UAH'),('MR994968',20827,5,5,11,'Ремень ГРМ','Ремінь ГРМ',1.00,825.00,'UAH'),('MR994968',20827,5,23,11,'Ремень ГРМ','Ремінь ГРМ',1.00,825.00,'UAH'),('MS851358',20827,7,8,5,'Свечи зажигания , 4шт','Свічки запалювання  4шт',4.00,85.00,'UAH'),('MS851358',20827,7,9,5,'Свечи зажигания , 4шт','Свічки запалювання  4шт',4.00,85.00,'UAH'),('VAT2360',20827,2,17,10,'Трансмиссионное масло 75W90, 3.5л','Трансмісійне масло 75W90 3.5 л',3.00,240.00,'UAH'),('VAT2360',20827,4,4,10,'Трансмиссионное масло 75W90, 2,1л','Трансмісійне масло 75W90 3.5 л',2.00,242.00,'UAH'),('VAT2360',20827,5,23,10,'Трансмиссионное масло 75W90, 3,5л','Трансмісійне масло 75W90 3.5 л',3.00,67.00,'UAH'),('VAT2360',20827,6,7,10,'Трансмиссионное масло 75W90, 5л','Трансмісійне масло 75W90 3.5 л',5.00,242.00,'UAH'),('VAT2360',20827,7,9,10,'Трансмиссионное масло 75W90, 2.1л','Трансмісійне масло 75W90 3.5 л',2.00,250.00,'UAH'),('VAT2360',20827,8,11,10,'Трансмиссионное масло 75W90, 2.5л','Трансмісійне масло 75W90 3.5 л',2.00,242.00,'UAH'),('VAT2360',20827,8,15,10,'Трансмиссионное масло 75W90, 2.5л','Трансмісійне масло 75W90 3.5 л',2.00,242.00,'UAH'),('VAT2360',20827,9,20,10,'Трансмиссионное масло 75W90, 3.5л','Трансмісійне масло 75W90 3.5 л',3.00,240.00,'UAH'),('XDA-211',20827,7,8,2,'Фильтр воздушный','Фільтр повітряний',1.00,240.00,'UAH'),('XDA-211',20827,7,9,2,'Фильтр воздушный','Фільтр повітряний',1.00,240.00,'UAH'),('XDA-257',20827,4,4,2,'Фильтр воздушный','Фільтр повітряний',1.00,240.00,'UAH'),('XDA-677',20827,6,6,2,'Фильтр воздушный','Фільтр повітряний',1.00,320.00,'UAH'),('XDA-677',20827,6,7,2,'Фильтр воздушный','Фільтр повітряний',1.00,320.00,'UAH'),('XDF-626',20827,9,21,4,'Фильтр топливный','Фільтр паливний',1.00,420.00,'UAH'),('XDF-626',20827,9,22,4,'Фильтр топливный','Фільтр паливний',1.00,420.00,'UAH'),('XDO-015',20827,2,16,1,'Фильтр масляный','Фільтр масляний',1.00,112.00,'UAH'),('XDO-015',20827,2,17,1,'Фильтр масляный','Фільтр масляний',1.00,112.00,'UAH'),('XDO-015',20827,2,18,1,'Фильтр масляный','Фільтр масляний',1.00,112.00,'UAH'),('XDO-015',20827,5,5,1,'Фильтр масляный','Фільтр масляний',1.00,112.00,'UAH'),('XDO-015',20827,5,23,1,'Фильтр масляный','Фільтр масляний',1.00,112.00,'UAH'),('XDO-015',20827,8,10,1,'Фильтр масляный','Фільтр масляний',1.00,112.00,'UAH'),('XDO-015',20827,8,11,1,'Фильтр масляный','Фільтр масляний',1.00,112.00,'UAH'),('XDO-015',20827,8,12,1,'Фильтр масляный','Фільтр масляний',1.00,112.00,'UAH'),('XDO-015',20827,8,13,1,'Фильтр масляный','Фільтр масляний',1.00,112.00,'UAH'),('XDO-015',20827,8,14,1,'Фильтр масляный','Фільтр масляний',1.00,112.00,'UAH'),('XDO-015',20827,8,15,1,'Фильтр масляный','Фільтр масляний',1.00,112.00,'UAH');
/*!40000 ALTER TABLE `b_autodoc_tscalc_item_price` ENABLE KEYS */;
UNLOCK TABLES;

--
-- Table structure for table `b_autodoc_tscalc_mileage`
--

DROP TABLE IF EXISTS `b_autodoc_tscalc_mileage`;
/*!40101 SET @saved_cs_client     = @@character_set_client */;
/*!40101 SET character_set_client = utf8 */;
CREATE TABLE `b_autodoc_tscalc_mileage` (
  `ID` int(11) NOT NULL AUTO_INCREMENT,
  `VALUE` int(10) NOT NULL,
  `ACTIVE` int(1) NOT NULL,
  PRIMARY KEY (`ID`)
) ENGINE=InnoDB AUTO_INCREMENT=44 DEFAULT CHARSET=utf8;
/*!40101 SET character_set_client = @saved_cs_client */;

--
-- Dumping data for table `b_autodoc_tscalc_mileage`
--

LOCK TABLES `b_autodoc_tscalc_mileage` WRITE;
/*!40000 ALTER TABLE `b_autodoc_tscalc_mileage` DISABLE KEYS */;
INSERT INTO `b_autodoc_tscalc_mileage` VALUES (1,1000,1),(2,2000,1),(3,5000,0),(4,10000,1),(5,15000,0),(6,20000,1),(7,25000,0),(8,30000,1),(9,35000,0),(10,40000,1),(11,45000,0),(12,50000,1),(13,55000,0),(14,60000,1),(15,65000,0),(16,70000,1),(17,75000,0),(18,80000,1),(19,85000,0),(20,90000,1),(21,95000,0),(22,100000,1),(23,105000,0),(24,110000,1),(25,115000,0),(26,120000,1),(27,125000,0),(28,130000,1),(29,135000,0),(30,140000,1),(31,145000,0),(32,150000,1),(33,155000,0),(34,160000,1),(35,165000,0),(36,170000,1),(37,175000,0),(38,180000,1),(39,185000,0),(40,190000,1),(41,195000,0),(42,200000,1);
/*!40000 ALTER TABLE `b_autodoc_tscalc_mileage` ENABLE KEYS */;
UNLOCK TABLES;

--
-- Table structure for table `b_autodoc_tscalc_services`
--

DROP TABLE IF EXISTS `b_autodoc_tscalc_services`;
/*!40101 SET @saved_cs_client     = @@character_set_client */;
/*!40101 SET character_set_client = utf8 */;
CREATE TABLE `b_autodoc_tscalc_services` (
  `ID` int(10) NOT NULL AUTO_INCREMENT,
  `SERVICE_NAME` varchar(70) NOT NULL,
  `SERVICE_NAME_UKR` varchar(70) DEFAULT NULL,
  PRIMARY KEY (`ID`)
) ENGINE=InnoDB AUTO_INCREMENT=12 DEFAULT CHARSET=utf8;
/*!40101 SET character_set_client = @saved_cs_client */;

--
-- Dumping data for table `b_autodoc_tscalc_services`
--

LOCK TABLES `b_autodoc_tscalc_services` WRITE;
/*!40000 ALTER TABLE `b_autodoc_tscalc_services` DISABLE KEYS */;
INSERT INTO `b_autodoc_tscalc_services` VALUES (1,'Замена моторного масла, масляного фильтра\r\n','Заміна моторного масла, масляного фільтра'),(2,'Замена/продувка фильтра воздушного (по необходимости)\n','\nЗаміна / продування фільтру повітряного (за потребою)'),(3,'Замена/продувка фильтра салона (по необходимости)\n','Заміна / продування фільтру салону (за потребою)'),(4,'Замена фильтра топливного\r\n','Заміна паливного фільтра '),(5,'Замена свечей зажигания, 4шт\r\n','Заміна свічок запалювання 4шт'),(6,'Замена охлаждающей жидкости\r\n','Заміна охолоджуючої рідини '),(7,'Замена тормозной жидкости\r\n','Заміна гальмівної рідини '),(8,'Диагностика ходовой части\r\n','Діагностика ходової частини'),(9,'Замена масла АКПП\r\n','Заміна масла АКПП'),(10,'Замена масла трансмиссии\r\n','Заміна масла трансмісії'),(11,'Замена ремня ГРМ\r\n','Заміна ременя ГРМ');
/*!40000 ALTER TABLE `b_autodoc_tscalc_services` ENABLE KEYS */;
UNLOCK TABLES;

--
-- Table structure for table `b_autodoc_tscalc_services_price`
--

DROP TABLE IF EXISTS `b_autodoc_tscalc_services_price`;
/*!40101 SET @saved_cs_client     = @@character_set_client */;
/*!40101 SET character_set_client = utf8 */;
CREATE TABLE `b_autodoc_tscalc_services_price` (
  `ID` int(10) NOT NULL AUTO_INCREMENT,
  `BRAND_ID` int(10) NOT NULL,
  `MODEL_ID` int(10) NOT NULL,
  `MODEL_TYPE_ID` int(10) NOT NULL,
  `MILEAGE_ID` int(10) NOT NULL,
  `SERVICE_ID` int(10) NOT NULL,
  `PRICE` float(11,3) DEFAULT NULL,
  PRIMARY KEY (`ID`),
  UNIQUE KEY `BRAND_MODEl_MODELTYPE_MILEAGE_SERVICE_ID` (`BRAND_ID`,`MODEL_ID`,`MODEL_TYPE_ID`,`MILEAGE_ID`,`SERVICE_ID`)
) ENGINE=InnoDB AUTO_INCREMENT=2215 DEFAULT CHARSET=utf8;
/*!40101 SET character_set_client = @saved_cs_client */;

--
-- Dumping data for table `b_autodoc_tscalc_services_price`
--

LOCK TABLES `b_autodoc_tscalc_services_price` WRITE;
/*!40000 ALTER TABLE `b_autodoc_tscalc_services_price` DISABLE KEYS */;
INSERT INTO `b_autodoc_tscalc_services_price` VALUES (4,20827,3,2,0,1,500.000),(53,20827,2,17,4,1,75.000),(54,20827,2,17,6,1,75.000),(55,20827,2,17,8,1,75.000),(56,20827,2,17,10,1,75.000),(57,20827,2,17,12,1,75.000),(58,20827,2,17,14,1,75.000),(59,20827,2,17,16,1,75.000),(60,20827,2,17,18,1,75.000),(61,20827,2,17,20,1,75.000),(62,20827,2,17,22,1,75.000),(63,20827,2,17,4,2,15.000),(64,20827,2,17,6,2,15.000),(65,20827,2,17,8,2,15.000),(66,20827,2,17,10,2,15.000),(67,20827,2,17,12,2,15.000),(68,20827,2,17,14,2,15.000),(69,20827,2,17,16,2,15.000),(70,20827,2,17,18,2,15.000),(71,20827,2,17,20,2,15.000),(72,20827,2,17,22,2,15.000),(73,20827,2,17,4,3,30.000),(74,20827,2,17,6,3,30.000),(75,20827,2,17,8,3,30.000),(76,20827,2,17,10,3,30.000),(77,20827,2,17,12,3,30.000),(78,20827,2,17,14,3,30.000),(79,20827,2,17,16,3,30.000),(80,20827,2,17,18,3,30.000),(81,20827,2,17,20,3,30.000),(82,20827,2,17,22,3,30.000),(83,20827,2,17,14,4,187.000),(84,20827,2,17,12,7,120.000),(85,20827,2,17,22,7,120.000),(86,20827,2,17,10,10,75.000),(87,20827,2,17,18,10,75.000),(88,20827,2,17,4,8,120.000),(89,20827,2,17,6,8,120.000),(90,20827,2,17,8,8,120.000),(91,20827,2,17,10,8,120.000),(92,20827,2,17,12,8,120.000),(93,20827,2,17,14,8,120.000),(94,20827,2,17,16,8,120.000),(95,20827,2,17,18,8,120.000),(96,20827,2,17,20,8,120.000),(97,20827,2,17,22,8,120.000),(98,20827,2,17,20,5,105.000),(99,20827,2,17,16,6,120.000),(100,20827,2,16,4,1,75.000),(101,20827,2,16,6,1,75.000),(102,20827,2,16,8,1,75.000),(103,20827,2,16,10,1,75.000),(104,20827,2,16,12,1,75.000),(105,20827,2,16,14,1,75.000),(106,20827,2,16,16,1,75.000),(107,20827,2,16,18,1,75.000),(108,20827,2,16,20,1,75.000),(109,20827,2,16,22,1,75.000),(110,20827,2,16,4,2,15.000),(111,20827,2,16,6,2,15.000),(112,20827,2,16,8,2,15.000),(113,20827,2,16,10,2,15.000),(114,20827,2,16,12,2,15.000),(115,20827,2,16,14,2,15.000),(116,20827,2,16,16,2,15.000),(117,20827,2,16,18,2,15.000),(118,20827,2,16,20,2,15.000),(119,20827,2,16,22,2,15.000),(120,20827,2,16,4,3,30.000),(121,20827,2,16,6,3,30.000),(122,20827,2,16,8,3,30.000),(123,20827,2,16,10,3,30.000),(124,20827,2,16,12,3,30.000),(125,20827,2,16,14,3,30.000),(126,20827,2,16,16,3,30.000),(127,20827,2,16,18,3,30.000),(128,20827,2,16,20,3,30.000),(129,20827,2,16,22,3,30.000),(130,20827,2,16,14,4,187.000),(131,20827,2,16,12,7,120.000),(132,20827,2,16,22,7,120.000),(133,20827,2,16,18,9,187.000),(134,20827,2,16,4,8,120.000),(135,20827,2,16,6,8,120.000),(136,20827,2,16,8,8,120.000),(137,20827,2,16,10,8,120.000),(138,20827,2,16,12,8,120.000),(139,20827,2,16,14,8,120.000),(140,20827,2,16,16,8,120.000),(141,20827,2,16,18,8,120.000),(142,20827,2,16,20,8,120.000),(143,20827,2,16,22,8,120.000),(144,20827,2,16,20,5,105.000),(145,20827,2,16,16,6,120.000),(146,20827,2,18,4,1,75.000),(147,20827,2,18,6,1,75.000),(148,20827,2,18,8,1,75.000),(149,20827,2,18,10,1,75.000),(150,20827,2,18,12,1,75.000),(151,20827,2,18,14,1,75.000),(152,20827,2,18,16,1,75.000),(153,20827,2,18,18,1,75.000),(154,20827,2,18,20,1,75.000),(155,20827,2,18,22,1,75.000),(156,20827,2,18,4,2,15.000),(157,20827,2,18,6,2,15.000),(158,20827,2,18,8,2,15.000),(159,20827,2,18,10,2,15.000),(160,20827,2,18,12,2,15.000),(161,20827,2,18,14,2,15.000),(162,20827,2,18,16,2,15.000),(163,20827,2,18,18,2,15.000),(164,20827,2,18,20,2,15.000),(165,20827,2,18,22,2,15.000),(166,20827,2,18,4,3,30.000),(167,20827,2,18,6,3,30.000),(168,20827,2,18,8,3,30.000),(169,20827,2,18,10,3,30.000),(170,20827,2,18,12,3,30.000),(171,20827,2,18,14,3,30.000),(172,20827,2,18,16,3,30.000),(173,20827,2,18,18,3,30.000),(174,20827,2,18,20,3,30.000),(175,20827,2,18,22,3,30.000),(176,20827,2,18,14,4,187.000),(177,20827,2,18,12,7,120.000),(178,20827,2,18,22,7,120.000),(179,20827,2,18,18,9,187.000),(180,20827,2,18,4,8,120.000),(181,20827,2,18,6,8,120.000),(182,20827,2,18,8,8,120.000),(183,20827,2,18,10,8,120.000),(184,20827,2,18,12,8,120.000),(185,20827,2,18,14,8,120.000),(186,20827,2,18,16,8,120.000),(187,20827,2,18,18,8,120.000),(188,20827,2,18,20,8,120.000),(189,20827,2,18,22,8,120.000),(190,20827,2,18,20,5,105.000),(191,20827,2,18,16,6,120.000),(192,20827,2,18,18,11,1600.000),(193,20827,2,18,10,10,75.000),(194,20827,2,18,18,10,75.000),(195,20827,2,16,10,10,75.000),(196,20827,2,16,18,10,75.000),(292,20827,3,2,4,1,75.000),(293,20827,3,2,6,1,75.000),(294,20827,3,2,8,1,75.000),(295,20827,3,2,10,1,75.000),(296,20827,3,2,12,1,75.000),(297,20827,3,2,14,1,75.000),(298,20827,3,2,16,1,75.000),(299,20827,3,2,18,1,75.000),(300,20827,3,2,20,1,75.000),(301,20827,3,2,22,1,75.000),(302,20827,3,2,4,2,15.000),(303,20827,3,2,6,2,15.000),(304,20827,3,2,8,2,15.000),(305,20827,3,2,10,2,15.000),(306,20827,3,2,12,2,15.000),(307,20827,3,2,14,2,15.000),(308,20827,3,2,16,2,15.000),(309,20827,3,2,18,2,15.000),(310,20827,3,2,20,2,15.000),(311,20827,3,2,22,2,15.000),(312,20827,3,2,4,3,30.000),(313,20827,3,2,6,3,30.000),(314,20827,3,2,8,3,30.000),(315,20827,3,2,10,3,30.000),(316,20827,3,2,12,3,30.000),(317,20827,3,2,14,3,30.000),(318,20827,3,2,16,3,30.000),(319,20827,3,2,18,3,30.000),(320,20827,3,2,20,3,30.000),(321,20827,3,2,22,3,30.000),(322,20827,3,2,14,4,187.000),(323,20827,3,2,12,7,120.000),(324,20827,3,2,22,7,120.000),(338,20827,3,3,4,1,75.000),(339,20827,3,3,6,1,75.000),(340,20827,3,3,8,1,75.000),(341,20827,3,3,10,1,75.000),(342,20827,3,3,12,1,75.000),(343,20827,3,3,14,1,75.000),(344,20827,3,3,16,1,75.000),(345,20827,3,3,18,1,75.000),(346,20827,3,3,20,1,75.000),(347,20827,3,3,22,1,75.000),(348,20827,3,3,4,2,15.000),(349,20827,3,3,6,2,15.000),(350,20827,3,3,8,2,15.000),(351,20827,3,3,10,2,15.000),(352,20827,3,3,12,2,15.000),(353,20827,3,3,14,2,15.000),(354,20827,3,3,16,2,15.000),(355,20827,3,3,18,2,15.000),(356,20827,3,3,20,2,15.000),(357,20827,3,3,22,2,15.000),(358,20827,3,3,4,3,30.000),(359,20827,3,3,6,3,30.000),(360,20827,3,3,8,3,30.000),(361,20827,3,3,10,3,30.000),(362,20827,3,3,12,3,30.000),(363,20827,3,3,14,3,30.000),(364,20827,3,3,16,3,30.000),(365,20827,3,3,18,3,30.000),(366,20827,3,3,20,3,30.000),(367,20827,3,3,22,3,30.000),(368,20827,3,3,14,4,187.000),(369,20827,3,3,12,7,120.000),(370,20827,3,3,22,7,120.000),(371,20827,3,2,16,6,120.000),(372,20827,3,2,4,8,120.000),(373,20827,3,2,6,8,120.000),(374,20827,3,2,8,8,120.000),(375,20827,3,2,10,8,120.000),(376,20827,3,2,12,8,120.000),(377,20827,3,2,14,8,120.000),(378,20827,3,2,16,8,120.000),(379,20827,3,2,18,8,120.000),(380,20827,3,2,20,8,120.000),(381,20827,3,2,22,8,120.000),(382,20827,3,2,12,5,105.000),(383,20827,3,2,22,5,105.000),(384,20827,4,4,4,1,75.000),(385,20827,4,4,6,1,75.000),(386,20827,4,4,8,1,75.000),(387,20827,4,4,10,1,75.000),(388,20827,4,4,12,1,75.000),(389,20827,4,4,14,1,75.000),(390,20827,4,4,16,1,75.000),(391,20827,4,4,18,1,75.000),(392,20827,4,4,20,1,75.000),(393,20827,4,4,22,1,75.000),(394,20827,4,4,4,2,15.000),(395,20827,4,4,6,2,15.000),(396,20827,4,4,8,2,15.000),(397,20827,4,4,10,2,15.000),(398,20827,4,4,12,2,15.000),(399,20827,4,4,14,2,15.000),(400,20827,4,4,16,2,15.000),(401,20827,4,4,18,2,15.000),(402,20827,4,4,20,2,15.000),(403,20827,4,4,22,2,15.000),(404,20827,4,4,4,3,30.000),(405,20827,4,4,6,3,30.000),(406,20827,4,4,8,3,30.000),(407,20827,4,4,10,3,30.000),(408,20827,4,4,12,3,30.000),(409,20827,4,4,14,3,30.000),(410,20827,4,4,16,3,30.000),(411,20827,4,4,18,3,30.000),(412,20827,4,4,20,3,30.000),(413,20827,4,4,22,3,30.000),(414,20827,4,4,14,4,187.000),(415,20827,4,4,12,7,120.000),(416,20827,4,4,22,7,120.000),(417,20827,4,4,10,10,75.000),(418,20827,4,4,18,10,75.000),(419,20827,4,4,4,8,120.000),(420,20827,4,4,6,8,120.000),(421,20827,4,4,8,8,120.000),(422,20827,4,4,10,8,120.000),(423,20827,4,4,12,8,120.000),(424,20827,4,4,14,8,120.000),(425,20827,4,4,16,8,120.000),(426,20827,4,4,18,8,120.000),(427,20827,4,4,20,8,120.000),(428,20827,4,4,22,8,120.000),(429,20827,9,19,4,1,75.000),(430,20827,9,19,6,1,75.000),(431,20827,9,19,8,1,75.000),(432,20827,9,19,10,1,75.000),(433,20827,9,19,12,1,75.000),(434,20827,9,19,14,1,75.000),(435,20827,9,19,16,1,75.000),(436,20827,9,19,18,1,75.000),(437,20827,9,19,20,1,75.000),(438,20827,9,19,22,1,75.000),(439,20827,9,19,4,2,15.000),(440,20827,9,19,6,2,15.000),(441,20827,9,19,8,2,15.000),(442,20827,9,19,10,2,15.000),(443,20827,9,19,12,2,15.000),(444,20827,9,19,14,2,15.000),(445,20827,9,19,16,2,15.000),(446,20827,9,19,18,2,15.000),(447,20827,9,19,20,2,15.000),(448,20827,9,19,22,2,15.000),(449,20827,9,19,4,3,30.000),(450,20827,9,19,6,3,30.000),(451,20827,9,19,8,3,30.000),(452,20827,9,19,10,3,30.000),(453,20827,9,19,12,3,30.000),(454,20827,9,19,14,3,30.000),(455,20827,9,19,16,3,30.000),(456,20827,9,19,18,3,30.000),(457,20827,9,19,20,3,30.000),(458,20827,9,19,22,3,30.000),(459,20827,9,19,14,4,187.000),(460,20827,9,19,12,7,120.000),(461,20827,9,19,22,7,120.000),(462,20827,9,19,10,10,225.000),(463,20827,9,19,18,10,225.000),(464,20827,9,19,4,8,120.000),(465,20827,9,19,6,8,120.000),(466,20827,9,19,8,8,120.000),(467,20827,9,19,10,8,120.000),(468,20827,9,19,12,8,120.000),(469,20827,9,19,14,8,120.000),(470,20827,9,19,16,8,120.000),(471,20827,9,19,18,8,120.000),(472,20827,9,19,20,8,120.000),(473,20827,9,19,22,8,120.000),(474,20827,9,19,20,5,525.000),(475,20827,9,19,16,6,120.000),(476,20827,9,19,16,9,262.000),(477,20827,9,19,18,11,1600.000),(478,20827,9,21,4,1,75.000),(479,20827,9,21,6,1,75.000),(480,20827,9,21,8,1,75.000),(481,20827,9,21,10,1,75.000),(482,20827,9,21,12,1,75.000),(483,20827,9,21,14,1,75.000),(484,20827,9,21,16,1,75.000),(485,20827,9,21,18,1,75.000),(486,20827,9,21,20,1,75.000),(487,20827,9,21,22,1,75.000),(488,20827,9,21,4,2,15.000),(489,20827,9,21,6,2,15.000),(490,20827,9,21,8,2,15.000),(491,20827,9,21,10,2,15.000),(492,20827,9,21,12,2,15.000),(493,20827,9,21,14,2,15.000),(494,20827,9,21,16,2,15.000),(495,20827,9,21,18,2,15.000),(496,20827,9,21,20,2,15.000),(497,20827,9,21,22,2,15.000),(498,20827,9,21,4,3,30.000),(499,20827,9,21,6,3,30.000),(500,20827,9,21,8,3,30.000),(501,20827,9,21,10,3,30.000),(502,20827,9,21,12,3,30.000),(503,20827,9,21,14,3,30.000),(504,20827,9,21,16,3,30.000),(505,20827,9,21,18,3,30.000),(506,20827,9,21,20,3,30.000),(507,20827,9,21,22,3,30.000),(508,20827,9,21,14,4,187.000),(509,20827,9,21,12,7,120.000),(510,20827,9,21,22,7,120.000),(511,20827,9,21,10,10,225.000),(512,20827,9,21,18,10,225.000),(513,20827,9,21,4,8,120.000),(514,20827,9,21,6,8,120.000),(515,20827,9,21,8,8,120.000),(516,20827,9,21,10,8,120.000),(517,20827,9,21,12,8,120.000),(518,20827,9,21,14,8,120.000),(519,20827,9,21,16,8,120.000),(520,20827,9,21,18,8,120.000),(521,20827,9,21,20,8,120.000),(522,20827,9,21,22,8,120.000),(523,20827,9,21,20,5,525.000),(524,20827,9,21,16,6,120.000),(525,20827,9,21,16,9,262.000),(526,20827,9,21,18,11,1600.000),(527,20827,9,20,4,1,75.000),(528,20827,9,20,6,1,75.000),(529,20827,9,20,8,1,75.000),(530,20827,9,20,10,1,75.000),(531,20827,9,20,12,1,75.000),(532,20827,9,20,14,1,75.000),(533,20827,9,20,16,1,75.000),(534,20827,9,20,18,1,75.000),(535,20827,9,20,20,1,75.000),(536,20827,9,20,22,1,75.000),(537,20827,9,20,4,2,15.000),(538,20827,9,20,6,2,15.000),(539,20827,9,20,8,2,15.000),(540,20827,9,20,10,2,15.000),(541,20827,9,20,12,2,15.000),(542,20827,9,20,14,2,15.000),(543,20827,9,20,16,2,15.000),(544,20827,9,20,18,2,15.000),(545,20827,9,20,20,2,15.000),(546,20827,9,20,22,2,15.000),(547,20827,9,20,4,3,30.000),(548,20827,9,20,6,3,30.000),(549,20827,9,20,8,3,30.000),(550,20827,9,20,10,3,30.000),(551,20827,9,20,12,3,30.000),(552,20827,9,20,14,3,30.000),(553,20827,9,20,16,3,30.000),(554,20827,9,20,18,3,30.000),(555,20827,9,20,20,3,30.000),(556,20827,9,20,22,3,30.000),(557,20827,9,20,12,7,120.000),(558,20827,9,20,22,7,120.000),(559,20827,9,20,10,10,150.000),(560,20827,9,20,18,10,150.000),(561,20827,9,20,4,8,120.000),(562,20827,9,20,6,8,120.000),(563,20827,9,20,8,8,120.000),(564,20827,9,20,10,8,120.000),(565,20827,9,20,12,8,120.000),(566,20827,9,20,14,8,120.000),(567,20827,9,20,16,8,120.000),(568,20827,9,20,18,8,120.000),(569,20827,9,20,20,8,120.000),(570,20827,9,20,22,8,120.000),(571,20827,9,20,16,6,120.000),(572,20827,9,20,16,9,262.000),(573,20827,9,20,6,4,75.000),(574,20827,9,20,10,4,75.000),(575,20827,9,20,14,4,75.000),(576,20827,9,20,18,4,75.000),(577,20827,9,20,22,4,75.000),(578,20827,9,22,4,1,75.000),(579,20827,9,22,6,1,75.000),(580,20827,9,22,8,1,75.000),(581,20827,9,22,10,1,75.000),(582,20827,9,22,12,1,75.000),(583,20827,9,22,14,1,75.000),(584,20827,9,22,16,1,75.000),(585,20827,9,22,18,1,75.000),(586,20827,9,22,20,1,75.000),(587,20827,9,22,22,1,75.000),(588,20827,9,22,4,2,15.000),(589,20827,9,22,6,2,15.000),(590,20827,9,22,8,2,15.000),(591,20827,9,22,10,2,15.000),(592,20827,9,22,12,2,15.000),(593,20827,9,22,14,2,15.000),(594,20827,9,22,16,2,15.000),(595,20827,9,22,18,2,15.000),(596,20827,9,22,20,2,15.000),(597,20827,9,22,22,2,15.000),(598,20827,9,22,4,3,30.000),(599,20827,9,22,6,3,30.000),(600,20827,9,22,8,3,30.000),(601,20827,9,22,10,3,30.000),(602,20827,9,22,12,3,30.000),(603,20827,9,22,14,3,30.000),(604,20827,9,22,16,3,30.000),(605,20827,9,22,18,3,30.000),(606,20827,9,22,20,3,30.000),(607,20827,9,22,22,3,30.000),(608,20827,9,22,12,7,120.000),(609,20827,9,22,22,7,120.000),(610,20827,9,22,10,10,225.000),(611,20827,9,22,18,10,225.000),(612,20827,9,22,4,8,120.000),(613,20827,9,22,6,8,120.000),(614,20827,9,22,8,8,120.000),(615,20827,9,22,10,8,120.000),(616,20827,9,22,12,8,120.000),(617,20827,9,22,14,8,120.000),(618,20827,9,22,16,8,120.000),(619,20827,9,22,18,8,120.000),(620,20827,9,22,20,8,120.000),(621,20827,9,22,22,8,120.000),(622,20827,9,22,16,6,120.000),(623,20827,9,22,16,9,262.000),(624,20827,9,22,6,4,75.000),(625,20827,9,22,10,4,75.000),(626,20827,9,22,14,4,75.000),(627,20827,9,22,18,4,75.000),(628,20827,9,22,22,4,75.000),(629,20827,7,8,4,1,75.000),(630,20827,7,8,6,1,75.000),(631,20827,7,8,8,1,75.000),(632,20827,7,8,10,1,75.000),(633,20827,7,8,12,1,75.000),(634,20827,7,8,14,1,75.000),(635,20827,7,8,16,1,75.000),(636,20827,7,8,18,1,75.000),(637,20827,7,8,20,1,75.000),(638,20827,7,8,22,1,75.000),(639,20827,7,8,4,2,15.000),(640,20827,7,8,6,2,15.000),(641,20827,7,8,8,2,15.000),(642,20827,7,8,10,2,15.000),(643,20827,7,8,12,2,15.000),(644,20827,7,8,14,2,15.000),(645,20827,7,8,16,2,15.000),(646,20827,7,8,18,2,15.000),(647,20827,7,8,20,2,15.000),(648,20827,7,8,22,2,15.000),(649,20827,7,8,4,3,30.000),(650,20827,7,8,6,3,30.000),(651,20827,7,8,8,3,30.000),(652,20827,7,8,10,3,30.000),(653,20827,7,8,12,3,30.000),(654,20827,7,8,14,3,30.000),(655,20827,7,8,16,3,30.000),(656,20827,7,8,18,3,30.000),(657,20827,7,8,20,3,30.000),(658,20827,7,8,22,3,30.000),(659,20827,7,8,14,4,187.000),(660,20827,7,8,12,7,120.000),(661,20827,7,8,22,7,120.000),(662,20827,7,8,16,9,187.000),(663,20827,7,8,16,6,120.000),(664,20827,7,8,4,8,120.000),(665,20827,7,8,6,8,120.000),(666,20827,7,8,8,8,120.000),(667,20827,7,8,10,8,120.000),(668,20827,7,8,12,8,120.000),(669,20827,7,8,14,8,120.000),(670,20827,7,8,16,8,120.000),(671,20827,7,8,18,8,120.000),(672,20827,7,8,20,8,120.000),(673,20827,7,8,22,8,120.000),(674,20827,7,8,12,5,105.000),(675,20827,7,8,22,5,105.000),(676,20827,7,8,18,11,900.000),(677,20827,7,9,4,1,75.000),(678,20827,7,9,6,1,75.000),(679,20827,7,9,8,1,75.000),(680,20827,7,9,10,1,75.000),(681,20827,7,9,12,1,75.000),(682,20827,7,9,14,1,75.000),(683,20827,7,9,16,1,75.000),(684,20827,7,9,18,1,75.000),(685,20827,7,9,20,1,75.000),(686,20827,7,9,22,1,75.000),(687,20827,7,9,4,2,15.000),(688,20827,7,9,6,2,15.000),(689,20827,7,9,8,2,15.000),(690,20827,7,9,10,2,15.000),(691,20827,7,9,12,2,15.000),(692,20827,7,9,14,2,15.000),(693,20827,7,9,16,2,15.000),(694,20827,7,9,18,2,15.000),(695,20827,7,9,20,2,15.000),(696,20827,7,9,22,2,15.000),(697,20827,7,9,4,3,30.000),(698,20827,7,9,6,3,30.000),(699,20827,7,9,8,3,30.000),(700,20827,7,9,10,3,30.000),(701,20827,7,9,12,3,30.000),(702,20827,7,9,14,3,30.000),(703,20827,7,9,16,3,30.000),(704,20827,7,9,18,3,30.000),(705,20827,7,9,20,3,30.000),(706,20827,7,9,22,3,30.000),(707,20827,7,9,14,4,187.000),(708,20827,7,9,12,7,120.000),(709,20827,7,9,22,7,120.000),(710,20827,7,9,10,10,75.000),(711,20827,7,9,18,10,75.000),(712,20827,7,9,16,6,120.000),(713,20827,7,9,4,8,120.000),(714,20827,7,9,6,8,120.000),(715,20827,7,9,8,8,120.000),(716,20827,7,9,10,8,120.000),(717,20827,7,9,12,8,120.000),(718,20827,7,9,14,8,120.000),(719,20827,7,9,16,8,120.000),(720,20827,7,9,18,8,120.000),(721,20827,7,9,20,8,120.000),(722,20827,7,9,22,8,120.000),(723,20827,7,9,12,5,105.000),(724,20827,7,9,22,5,105.000),(725,20827,7,9,18,11,900.000),(726,20827,8,13,4,1,75.000),(727,20827,8,13,6,1,75.000),(728,20827,8,13,8,1,75.000),(729,20827,8,13,10,1,75.000),(730,20827,8,13,12,1,75.000),(731,20827,8,13,14,1,75.000),(732,20827,8,13,16,1,75.000),(733,20827,8,13,18,1,75.000),(734,20827,8,13,20,1,75.000),(735,20827,8,13,22,1,75.000),(736,20827,8,13,4,2,15.000),(737,20827,8,13,6,2,15.000),(738,20827,8,13,8,2,15.000),(739,20827,8,13,10,2,15.000),(740,20827,8,13,12,2,15.000),(741,20827,8,13,14,2,15.000),(742,20827,8,13,16,2,15.000),(743,20827,8,13,18,2,15.000),(744,20827,8,13,20,2,15.000),(745,20827,8,13,22,2,15.000),(746,20827,8,13,4,3,30.000),(747,20827,8,13,6,3,30.000),(748,20827,8,13,8,3,30.000),(749,20827,8,13,10,3,30.000),(750,20827,8,13,12,3,30.000),(751,20827,8,13,14,3,30.000),(752,20827,8,13,16,3,30.000),(753,20827,8,13,18,3,30.000),(754,20827,8,13,20,3,30.000),(755,20827,8,13,22,3,30.000),(756,20827,8,13,14,4,187.000),(757,20827,8,13,12,7,120.000),(758,20827,8,13,22,7,120.000),(759,20827,8,13,16,9,187.000),(760,20827,8,13,16,6,120.000),(761,20827,8,13,4,8,120.000),(762,20827,8,13,6,8,120.000),(763,20827,8,13,8,8,120.000),(764,20827,8,13,10,8,120.000),(765,20827,8,13,12,8,120.000),(766,20827,8,13,14,8,120.000),(767,20827,8,13,16,8,120.000),(768,20827,8,13,18,8,120.000),(769,20827,8,13,20,8,120.000),(770,20827,8,13,22,8,120.000),(771,20827,8,13,20,5,105.000),(772,20827,8,12,4,1,75.000),(773,20827,8,12,6,1,75.000),(774,20827,8,12,8,1,75.000),(775,20827,8,12,10,1,75.000),(776,20827,8,12,12,1,75.000),(777,20827,8,12,14,1,75.000),(778,20827,8,12,16,1,75.000),(779,20827,8,12,18,1,75.000),(780,20827,8,12,20,1,75.000),(781,20827,8,12,22,1,75.000),(782,20827,8,12,4,2,15.000),(783,20827,8,12,6,2,15.000),(784,20827,8,12,8,2,15.000),(785,20827,8,12,10,2,15.000),(786,20827,8,12,12,2,15.000),(787,20827,8,12,14,2,15.000),(788,20827,8,12,16,2,15.000),(789,20827,8,12,18,2,15.000),(790,20827,8,12,20,2,15.000),(791,20827,8,12,22,2,15.000),(792,20827,8,12,4,3,30.000),(793,20827,8,12,6,3,30.000),(794,20827,8,12,8,3,30.000),(795,20827,8,12,10,3,30.000),(796,20827,8,12,12,3,30.000),(797,20827,8,12,14,3,30.000),(798,20827,8,12,16,3,30.000),(799,20827,8,12,18,3,30.000),(800,20827,8,12,20,3,30.000),(801,20827,8,12,22,3,30.000),(802,20827,8,12,14,4,187.000),(803,20827,8,12,12,7,120.000),(804,20827,8,12,22,7,120.000),(805,20827,8,12,16,6,120.000),(806,20827,8,12,4,8,120.000),(807,20827,8,12,6,8,120.000),(808,20827,8,12,8,8,120.000),(809,20827,8,12,10,8,120.000),(810,20827,8,12,12,8,120.000),(811,20827,8,12,14,8,120.000),(812,20827,8,12,16,8,120.000),(813,20827,8,12,18,8,120.000),(814,20827,8,12,20,8,120.000),(815,20827,8,12,22,8,120.000),(816,20827,8,12,20,5,105.000),(817,20827,8,14,4,1,75.000),(818,20827,8,14,6,1,75.000),(819,20827,8,14,8,1,75.000),(820,20827,8,14,10,1,75.000),(821,20827,8,14,12,1,75.000),(822,20827,8,14,14,1,75.000),(823,20827,8,14,16,1,75.000),(824,20827,8,14,18,1,75.000),(825,20827,8,14,20,1,75.000),(826,20827,8,14,22,1,75.000),(827,20827,8,14,4,2,15.000),(828,20827,8,14,6,2,15.000),(829,20827,8,14,8,2,15.000),(830,20827,8,14,10,2,15.000),(831,20827,8,14,12,2,15.000),(832,20827,8,14,14,2,15.000),(833,20827,8,14,16,2,15.000),(834,20827,8,14,18,2,15.000),(835,20827,8,14,20,2,15.000),(836,20827,8,14,22,2,15.000),(837,20827,8,14,4,3,30.000),(838,20827,8,14,6,3,30.000),(839,20827,8,14,8,3,30.000),(840,20827,8,14,10,3,30.000),(841,20827,8,14,12,3,30.000),(842,20827,8,14,14,3,30.000),(843,20827,8,14,16,3,30.000),(844,20827,8,14,18,3,30.000),(845,20827,8,14,20,3,30.000),(846,20827,8,14,22,3,30.000),(847,20827,8,14,14,4,187.000),(848,20827,8,14,12,7,120.000),(849,20827,8,14,22,7,120.000),(850,20827,8,14,18,9,187.000),(851,20827,8,14,16,6,120.000),(852,20827,8,14,4,8,120.000),(853,20827,8,14,6,8,120.000),(854,20827,8,14,8,8,120.000),(855,20827,8,14,10,8,120.000),(856,20827,8,14,12,8,120.000),(857,20827,8,14,14,8,120.000),(858,20827,8,14,16,8,120.000),(859,20827,8,14,18,8,120.000),(860,20827,8,14,20,8,120.000),(861,20827,8,14,22,8,120.000),(862,20827,8,14,20,5,105.000),(863,20827,8,10,4,1,75.000),(864,20827,8,10,6,1,75.000),(865,20827,8,10,8,1,75.000),(866,20827,8,10,10,1,75.000),(867,20827,8,10,12,1,75.000),(868,20827,8,10,14,1,75.000),(869,20827,8,10,16,1,75.000),(870,20827,8,10,18,1,75.000),(871,20827,8,10,20,1,75.000),(872,20827,8,10,22,1,75.000),(873,20827,8,10,4,2,15.000),(874,20827,8,10,6,2,15.000),(875,20827,8,10,8,2,15.000),(876,20827,8,10,10,2,15.000),(877,20827,8,10,12,2,15.000),(878,20827,8,10,14,2,15.000),(879,20827,8,10,16,2,15.000),(880,20827,8,10,18,2,15.000),(881,20827,8,10,20,2,15.000),(882,20827,8,10,22,2,15.000),(883,20827,8,10,4,3,30.000),(884,20827,8,10,6,3,30.000),(885,20827,8,10,8,3,30.000),(886,20827,8,10,10,3,30.000),(887,20827,8,10,12,3,30.000),(888,20827,8,10,14,3,30.000),(889,20827,8,10,16,3,30.000),(890,20827,8,10,18,3,30.000),(891,20827,8,10,20,3,30.000),(892,20827,8,10,22,3,30.000),(893,20827,8,10,14,4,187.000),(894,20827,8,10,12,7,120.000),(895,20827,8,10,22,7,120.000),(896,20827,8,10,16,9,187.000),(897,20827,8,10,16,6,120.000),(898,20827,8,10,4,8,120.000),(899,20827,8,10,6,8,120.000),(900,20827,8,10,8,8,120.000),(901,20827,8,10,10,8,120.000),(902,20827,8,10,12,8,120.000),(903,20827,8,10,14,8,120.000),(904,20827,8,10,16,8,120.000),(905,20827,8,10,18,8,120.000),(906,20827,8,10,20,8,120.000),(907,20827,8,10,22,8,120.000),(908,20827,8,10,20,5,105.000),(909,20827,8,15,4,1,75.000),(910,20827,8,15,6,1,75.000),(911,20827,8,15,8,1,75.000),(912,20827,8,15,10,1,75.000),(913,20827,8,15,12,1,75.000),(914,20827,8,15,14,1,75.000),(915,20827,8,15,16,1,75.000),(916,20827,8,15,18,1,75.000),(917,20827,8,15,20,1,75.000),(918,20827,8,15,22,1,75.000),(919,20827,8,15,4,2,15.000),(920,20827,8,15,6,2,15.000),(921,20827,8,15,8,2,15.000),(922,20827,8,15,10,2,15.000),(923,20827,8,15,12,2,15.000),(924,20827,8,15,14,2,15.000),(925,20827,8,15,16,2,15.000),(926,20827,8,15,18,2,15.000),(927,20827,8,15,20,2,15.000),(928,20827,8,15,22,2,15.000),(929,20827,8,15,4,3,30.000),(930,20827,8,15,6,3,30.000),(931,20827,8,15,8,3,30.000),(932,20827,8,15,10,3,30.000),(933,20827,8,15,12,3,30.000),(934,20827,8,15,14,3,30.000),(935,20827,8,15,16,3,30.000),(936,20827,8,15,18,3,30.000),(937,20827,8,15,20,3,30.000),(938,20827,8,15,22,3,30.000),(939,20827,8,15,14,4,187.000),(940,20827,8,15,12,7,120.000),(941,20827,8,15,22,7,120.000),(942,20827,8,15,16,6,120.000),(943,20827,8,15,4,8,120.000),(944,20827,8,15,6,8,120.000),(945,20827,8,15,8,8,120.000),(946,20827,8,15,10,8,120.000),(947,20827,8,15,12,8,120.000),(948,20827,8,15,14,8,120.000),(949,20827,8,15,16,8,120.000),(950,20827,8,15,18,8,120.000),(951,20827,8,15,20,8,120.000),(952,20827,8,15,22,8,120.000),(953,20827,8,15,20,5,105.000),(954,20827,8,15,10,10,75.000),(955,20827,8,15,18,10,75.000),(956,20827,8,11,4,1,75.000),(957,20827,8,11,6,1,75.000),(958,20827,8,11,8,1,75.000),(959,20827,8,11,10,1,75.000),(960,20827,8,11,12,1,75.000),(961,20827,8,11,14,1,75.000),(962,20827,8,11,16,1,75.000),(963,20827,8,11,18,1,75.000),(964,20827,8,11,20,1,75.000),(965,20827,8,11,22,1,75.000),(966,20827,8,11,4,2,15.000),(967,20827,8,11,6,2,15.000),(968,20827,8,11,8,2,15.000),(969,20827,8,11,10,2,15.000),(970,20827,8,11,12,2,15.000),(971,20827,8,11,14,2,15.000),(972,20827,8,11,16,2,15.000),(973,20827,8,11,18,2,15.000),(974,20827,8,11,20,2,15.000),(975,20827,8,11,22,2,15.000),(976,20827,8,11,4,3,30.000),(977,20827,8,11,6,3,30.000),(978,20827,8,11,8,3,30.000),(979,20827,8,11,10,3,30.000),(980,20827,8,11,12,3,30.000),(981,20827,8,11,14,3,30.000),(982,20827,8,11,16,3,30.000),(983,20827,8,11,18,3,30.000),(984,20827,8,11,20,3,30.000),(985,20827,8,11,22,3,30.000),(986,20827,8,11,14,4,187.000),(987,20827,8,11,12,7,120.000),(988,20827,8,11,22,7,120.000),(989,20827,8,11,16,6,120.000),(990,20827,8,11,4,8,120.000),(991,20827,8,11,6,8,120.000),(992,20827,8,11,8,8,120.000),(993,20827,8,11,10,8,120.000),(994,20827,8,11,12,8,120.000),(995,20827,8,11,14,8,120.000),(996,20827,8,11,16,8,120.000),(997,20827,8,11,18,8,120.000),(998,20827,8,11,20,8,120.000),(999,20827,8,11,22,8,120.000),(1000,20827,8,11,20,5,105.000),(1001,20827,8,11,10,10,75.000),(1002,20827,8,11,18,10,75.000),(1003,20827,6,7,4,1,75.000),(1004,20827,6,7,6,1,75.000),(1005,20827,6,7,8,1,75.000),(1006,20827,6,7,10,1,75.000),(1007,20827,6,7,12,1,75.000),(1008,20827,6,7,14,1,75.000),(1009,20827,6,7,16,1,75.000),(1010,20827,6,7,18,1,75.000),(1011,20827,6,7,20,1,75.000),(1012,20827,6,7,22,1,75.000),(1013,20827,6,7,4,2,15.000),(1014,20827,6,7,6,2,15.000),(1015,20827,6,7,8,2,15.000),(1016,20827,6,7,10,2,15.000),(1017,20827,6,7,12,2,15.000),(1018,20827,6,7,14,2,15.000),(1019,20827,6,7,16,2,15.000),(1020,20827,6,7,18,2,15.000),(1021,20827,6,7,20,2,15.000),(1022,20827,6,7,22,2,15.000),(1023,20827,6,7,6,4,75.000),(1024,20827,6,7,10,4,75.000),(1025,20827,6,7,14,4,75.000),(1026,20827,6,7,18,4,75.000),(1027,20827,6,7,22,4,75.000),(1028,20827,6,7,16,6,120.000),(1029,20827,6,7,12,7,120.000),(1030,20827,6,7,22,7,120.000),(1034,20827,6,7,4,8,120.000),(1035,20827,6,7,6,8,120.000),(1036,20827,6,7,8,8,120.000),(1037,20827,6,7,10,8,120.000),(1038,20827,6,7,12,8,120.000),(1039,20827,6,7,14,8,120.000),(1040,20827,6,7,16,8,120.000),(1041,20827,6,7,18,8,120.000),(1042,20827,6,7,20,8,120.000),(1043,20827,6,7,22,8,120.000),(1044,20827,6,6,4,1,75.000),(1045,20827,6,6,6,1,75.000),(1046,20827,6,6,8,1,75.000),(1047,20827,6,6,10,1,75.000),(1048,20827,6,6,12,1,75.000),(1049,20827,6,6,14,1,75.000),(1050,20827,6,6,16,1,75.000),(1051,20827,6,6,18,1,75.000),(1052,20827,6,6,20,1,75.000),(1053,20827,6,6,22,1,75.000),(1054,20827,6,6,4,2,15.000),(1055,20827,6,6,6,2,15.000),(1056,20827,6,6,8,2,15.000),(1057,20827,6,6,10,2,15.000),(1058,20827,6,6,12,2,15.000),(1059,20827,6,6,14,2,15.000),(1060,20827,6,6,16,2,15.000),(1061,20827,6,6,18,2,15.000),(1062,20827,6,6,20,2,15.000),(1063,20827,6,6,22,2,15.000),(1064,20827,6,6,6,4,75.000),(1065,20827,6,6,10,4,75.000),(1066,20827,6,6,14,4,75.000),(1067,20827,6,6,18,4,75.000),(1068,20827,6,6,22,4,75.000),(1069,20827,6,6,16,6,120.000),(1070,20827,6,6,12,7,120.000),(1071,20827,6,6,22,7,120.000),(1075,20827,6,6,4,8,120.000),(1076,20827,6,6,6,8,120.000),(1077,20827,6,6,8,8,120.000),(1078,20827,6,6,10,8,120.000),(1079,20827,6,6,12,8,120.000),(1080,20827,6,6,14,8,120.000),(1081,20827,6,6,16,8,120.000),(1082,20827,6,6,18,8,120.000),(1083,20827,6,6,20,8,120.000),(1084,20827,6,6,22,8,120.000),(1085,20827,6,6,16,9,187.000),(1086,0,0,0,0,0,0.000),(1087,20827,5,5,4,1,75.000),(1088,20827,5,5,6,1,75.000),(1089,20827,5,5,8,1,75.000),(1090,20827,5,5,10,1,75.000),(1091,20827,5,5,12,1,75.000),(1092,20827,5,5,14,1,75.000),(1093,20827,5,5,16,1,75.000),(1094,20827,5,5,18,1,75.000),(1095,20827,5,5,20,1,75.000),(1096,20827,5,5,22,1,75.000),(1097,20827,5,5,4,2,15.000),(1098,20827,5,5,6,2,15.000),(1099,20827,5,5,8,2,15.000),(1100,20827,5,5,10,2,15.000),(1101,20827,5,5,12,2,15.000),(1102,20827,5,5,14,2,15.000),(1103,20827,5,5,16,2,15.000),(1104,20827,5,5,18,2,15.000),(1105,20827,5,5,20,2,15.000),(1106,20827,5,5,22,2,15.000),(1107,20827,5,5,4,3,30.000),(1108,20827,5,5,6,3,30.000),(1109,20827,5,5,8,3,30.000),(1110,20827,5,5,10,3,30.000),(1111,20827,5,5,12,3,30.000),(1112,20827,5,5,14,3,30.000),(1113,20827,5,5,16,3,30.000),(1114,20827,5,5,18,3,30.000),(1115,20827,5,5,20,3,30.000),(1116,20827,5,5,22,3,30.000),(1117,20827,5,5,14,4,187.000),(1118,20827,5,5,12,7,120.000),(1119,20827,5,5,22,7,120.000),(1120,20827,5,5,10,10,75.000),(1121,20827,5,5,18,10,75.000),(1122,20827,5,5,16,6,120.000),(1123,20827,5,5,4,8,120.000),(1124,20827,5,5,6,8,120.000),(1125,20827,5,5,8,8,120.000),(1126,20827,5,5,10,8,120.000),(1127,20827,5,5,12,8,120.000),(1128,20827,5,5,14,8,120.000),(1129,20827,5,5,16,8,120.000),(1130,20827,5,5,18,8,120.000),(1131,20827,5,5,20,8,120.000),(1132,20827,5,5,22,8,120.000),(1133,20827,5,5,20,5,105.000),(1134,20827,5,5,18,11,900.000),(1135,20827,5,23,4,1,75.000),(1136,20827,5,23,6,1,75.000),(1137,20827,5,23,8,1,75.000),(1138,20827,5,23,10,1,75.000),(1139,20827,5,23,12,1,75.000),(1140,20827,5,23,14,1,75.000),(1141,20827,5,23,16,1,75.000),(1142,20827,5,23,18,1,75.000),(1143,20827,5,23,20,1,75.000),(1144,20827,5,23,22,1,75.000),(1145,20827,5,23,4,2,15.000),(1146,20827,5,23,6,2,15.000),(1147,20827,5,23,8,2,15.000),(1148,20827,5,23,10,2,15.000),(1149,20827,5,23,12,2,15.000),(1150,20827,5,23,14,2,15.000),(1151,20827,5,23,16,2,15.000),(1152,20827,5,23,18,2,15.000),(1153,20827,5,23,20,2,15.000),(1154,20827,5,23,22,2,15.000),(1155,20827,5,23,4,3,30.000),(1156,20827,5,23,6,3,30.000),(1157,20827,5,23,8,3,30.000),(1158,20827,5,23,10,3,30.000),(1159,20827,5,23,12,3,30.000),(1160,20827,5,23,14,3,30.000),(1161,20827,5,23,16,3,30.000),(1162,20827,5,23,18,3,30.000),(1163,20827,5,23,20,3,30.000),(1164,20827,5,23,22,3,30.000),(1165,20827,5,23,14,4,187.000),(1166,20827,5,23,12,7,120.000),(1167,20827,5,23,22,7,120.000),(1168,20827,5,23,16,9,187.000),(1169,20827,5,23,16,6,120.000),(1170,20827,5,23,4,8,120.000),(1171,20827,5,23,6,8,120.000),(1172,20827,5,23,8,8,120.000),(1173,20827,5,23,10,8,120.000),(1174,20827,5,23,12,8,120.000),(1175,20827,5,23,14,8,120.000),(1176,20827,5,23,16,8,120.000),(1177,20827,5,23,18,8,120.000),(1178,20827,5,23,20,8,120.000),(1179,20827,5,23,22,8,120.000),(1180,20827,5,23,20,5,105.000),(1181,20827,5,23,18,11,900.000),(1182,20827,2,17,24,1,75.000),(1183,20827,2,17,26,1,75.000),(1184,20827,2,17,28,1,75.000),(1185,20827,2,17,30,1,75.000),(1186,20827,2,17,32,1,75.000),(1187,20827,2,17,34,1,75.000),(1188,20827,2,17,36,1,75.000),(1189,20827,2,17,38,1,75.000),(1190,20827,2,17,40,1,75.000),(1191,20827,2,17,42,1,75.000),(1192,20827,2,17,24,2,15.000),(1193,20827,2,17,26,2,15.000),(1194,20827,2,17,28,2,15.000),(1195,20827,2,17,30,2,15.000),(1196,20827,2,17,32,2,15.000),(1197,20827,2,17,34,2,15.000),(1198,20827,2,17,36,2,15.000),(1199,20827,2,17,38,2,15.000),(1200,20827,2,17,40,2,15.000),(1201,20827,2,17,42,2,15.000),(1202,20827,2,17,24,3,30.000),(1203,20827,2,17,26,3,30.000),(1204,20827,2,17,28,3,30.000),(1205,20827,2,17,30,3,30.000),(1206,20827,2,17,32,3,30.000),(1207,20827,2,17,34,3,30.000),(1208,20827,2,17,36,3,30.000),(1209,20827,2,17,38,3,30.000),(1210,20827,2,17,40,3,30.000),(1211,20827,2,17,42,3,30.000),(1212,20827,2,17,34,4,187.000),(1213,20827,2,17,32,7,120.000),(1214,20827,2,17,42,7,120.000),(1215,20827,2,17,30,10,75.000),(1216,20827,2,17,38,10,75.000),(1217,20827,2,17,24,8,120.000),(1218,20827,2,17,26,8,120.000),(1219,20827,2,17,28,8,120.000),(1220,20827,2,17,30,8,120.000),(1221,20827,2,17,32,8,120.000),(1222,20827,2,17,34,8,120.000),(1223,20827,2,17,36,8,120.000),(1224,20827,2,17,38,8,120.000),(1225,20827,2,17,40,8,120.000),(1226,20827,2,17,42,8,120.000),(1227,20827,2,17,40,5,105.000),(1228,20827,2,17,36,6,120.000),(1229,20827,2,16,24,1,75.000),(1230,20827,2,16,26,1,75.000),(1231,20827,2,16,28,1,75.000),(1232,20827,2,16,30,1,75.000),(1233,20827,2,16,32,1,75.000),(1234,20827,2,16,34,1,75.000),(1235,20827,2,16,36,1,75.000),(1236,20827,2,16,38,1,75.000),(1237,20827,2,16,40,1,75.000),(1238,20827,2,16,42,1,75.000),(1239,20827,2,16,24,2,15.000),(1240,20827,2,16,26,2,15.000),(1241,20827,2,16,28,2,15.000),(1242,20827,2,16,30,2,15.000),(1243,20827,2,16,32,2,15.000),(1244,20827,2,16,34,2,15.000),(1245,20827,2,16,36,2,15.000),(1246,20827,2,16,38,2,15.000),(1247,20827,2,16,40,2,15.000),(1248,20827,2,16,42,2,15.000),(1249,20827,2,16,24,3,30.000),(1250,20827,2,16,26,3,30.000),(1251,20827,2,16,28,3,30.000),(1252,20827,2,16,30,3,30.000),(1253,20827,2,16,32,3,30.000),(1254,20827,2,16,34,3,30.000),(1255,20827,2,16,36,3,30.000),(1256,20827,2,16,38,3,30.000),(1257,20827,2,16,40,3,30.000),(1258,20827,2,16,42,3,30.000),(1259,20827,2,16,34,4,187.000),(1260,20827,2,16,32,7,120.000),(1261,20827,2,16,42,7,120.000),(1262,20827,2,16,38,9,187.000),(1263,20827,2,16,24,8,120.000),(1264,20827,2,16,26,8,120.000),(1265,20827,2,16,28,8,120.000),(1266,20827,2,16,30,8,120.000),(1267,20827,2,16,32,8,120.000),(1268,20827,2,16,34,8,120.000),(1269,20827,2,16,36,8,120.000),(1270,20827,2,16,38,8,120.000),(1271,20827,2,16,40,8,120.000),(1272,20827,2,16,42,8,120.000),(1273,20827,2,16,40,5,105.000),(1274,20827,2,16,36,6,120.000),(1275,20827,2,18,24,1,75.000),(1276,20827,2,18,26,1,75.000),(1277,20827,2,18,28,1,75.000),(1278,20827,2,18,30,1,75.000),(1279,20827,2,18,32,1,75.000),(1280,20827,2,18,34,1,75.000),(1281,20827,2,18,36,1,75.000),(1282,20827,2,18,38,1,75.000),(1283,20827,2,18,40,1,75.000),(1284,20827,2,18,42,1,75.000),(1285,20827,2,18,24,2,15.000),(1286,20827,2,18,26,2,15.000),(1287,20827,2,18,28,2,15.000),(1288,20827,2,18,30,2,15.000),(1289,20827,2,18,32,2,15.000),(1290,20827,2,18,34,2,15.000),(1291,20827,2,18,36,2,15.000),(1292,20827,2,18,38,2,15.000),(1293,20827,2,18,40,2,15.000),(1294,20827,2,18,42,2,15.000),(1295,20827,2,18,24,3,30.000),(1296,20827,2,18,26,3,30.000),(1297,20827,2,18,28,3,30.000),(1298,20827,2,18,30,3,30.000),(1299,20827,2,18,32,3,30.000),(1300,20827,2,18,34,3,30.000),(1301,20827,2,18,36,3,30.000),(1302,20827,2,18,38,3,30.000),(1303,20827,2,18,40,3,30.000),(1304,20827,2,18,42,3,30.000),(1305,20827,2,18,34,4,187.000),(1306,20827,2,18,32,7,120.000),(1307,20827,2,18,42,7,120.000),(1308,20827,2,18,38,9,187.000),(1309,20827,2,18,24,8,120.000),(1310,20827,2,18,26,8,120.000),(1311,20827,2,18,28,8,120.000),(1312,20827,2,18,30,8,120.000),(1313,20827,2,18,32,8,120.000),(1314,20827,2,18,34,8,120.000),(1315,20827,2,18,36,8,120.000),(1316,20827,2,18,38,8,120.000),(1317,20827,2,18,40,8,120.000),(1318,20827,2,18,42,8,120.000),(1319,20827,2,18,40,5,105.000),(1320,20827,2,18,36,6,120.000),(1321,20827,2,18,38,11,1600.000),(1322,20827,2,18,30,10,75.000),(1323,20827,2,18,38,10,75.000),(1324,20827,2,16,30,10,75.000),(1325,20827,2,16,38,10,75.000),(1359,20827,5,5,30,10,75.000),(1360,20827,5,5,38,10,75.000),(1374,20827,5,5,24,1,75.000),(1375,20827,5,5,26,1,75.000),(1376,20827,5,5,28,1,75.000),(1377,20827,5,5,30,1,75.000),(1378,20827,5,5,32,1,75.000),(1379,20827,5,5,34,1,75.000),(1380,20827,5,5,36,1,75.000),(1381,20827,5,5,38,1,75.000),(1382,20827,5,5,40,1,75.000),(1383,20827,5,5,42,1,75.000),(1384,20827,5,5,24,2,15.000),(1385,20827,5,5,26,2,15.000),(1386,20827,5,5,28,2,15.000),(1387,20827,5,5,30,2,15.000),(1388,20827,5,5,32,2,15.000),(1389,20827,5,5,34,2,15.000),(1390,20827,5,5,36,2,15.000),(1391,20827,5,5,38,2,15.000),(1392,20827,5,5,40,2,15.000),(1393,20827,5,5,42,2,15.000),(1394,20827,5,5,24,3,30.000),(1395,20827,5,5,26,3,30.000),(1396,20827,5,5,28,3,30.000),(1397,20827,5,5,30,3,30.000),(1398,20827,5,5,32,3,30.000),(1399,20827,5,5,34,3,30.000),(1400,20827,5,5,36,3,30.000),(1401,20827,5,5,38,3,30.000),(1402,20827,5,5,40,3,30.000),(1403,20827,5,5,42,3,30.000),(1404,20827,5,5,34,4,187.000),(1405,20827,5,5,32,7,120.000),(1406,20827,5,5,42,7,120.000),(1407,20827,5,5,36,9,187.000),(1408,20827,5,5,36,6,120.000),(1409,20827,5,5,24,8,120.000),(1410,20827,5,5,26,8,120.000),(1411,20827,5,5,28,8,120.000),(1412,20827,5,5,30,8,120.000),(1413,20827,5,5,32,8,120.000),(1414,20827,5,5,34,8,120.000),(1415,20827,5,5,36,8,120.000),(1416,20827,5,5,38,8,120.000),(1417,20827,5,5,40,8,120.000),(1418,20827,5,5,42,8,120.000),(1419,20827,5,5,40,5,105.000),(1420,20827,5,5,38,11,900.000),(1421,20827,3,2,24,1,75.000),(1422,20827,3,2,26,1,75.000),(1423,20827,3,2,28,1,75.000),(1424,20827,3,2,30,1,75.000),(1425,20827,3,2,32,1,75.000),(1426,20827,3,2,34,1,75.000),(1427,20827,3,2,36,1,75.000),(1428,20827,3,2,38,1,75.000),(1429,20827,3,2,40,1,75.000),(1430,20827,3,2,42,1,75.000),(1431,20827,3,2,24,2,15.000),(1432,20827,3,2,26,2,15.000),(1433,20827,3,2,28,2,15.000),(1434,20827,3,2,30,2,15.000),(1435,20827,3,2,32,2,15.000),(1436,20827,3,2,34,2,15.000),(1437,20827,3,2,36,2,15.000),(1438,20827,3,2,38,2,15.000),(1439,20827,3,2,40,2,15.000),(1440,20827,3,2,42,2,15.000),(1441,20827,3,2,24,3,30.000),(1442,20827,3,2,26,3,30.000),(1443,20827,3,2,28,3,30.000),(1444,20827,3,2,30,3,30.000),(1445,20827,3,2,32,3,30.000),(1446,20827,3,2,34,3,30.000),(1447,20827,3,2,36,3,30.000),(1448,20827,3,2,38,3,30.000),(1449,20827,3,2,40,3,30.000),(1450,20827,3,2,42,3,30.000),(1451,20827,3,2,34,4,187.000),(1452,20827,3,2,32,7,120.000),(1453,20827,3,2,42,7,120.000),(1467,20827,3,3,24,1,75.000),(1468,20827,3,3,26,1,75.000),(1469,20827,3,3,28,1,75.000),(1470,20827,3,3,30,1,75.000),(1471,20827,3,3,32,1,75.000),(1472,20827,3,3,34,1,75.000),(1473,20827,3,3,36,1,75.000),(1474,20827,3,3,38,1,75.000),(1475,20827,3,3,40,1,75.000),(1476,20827,3,3,42,1,75.000),(1477,20827,3,3,24,2,15.000),(1478,20827,3,3,26,2,15.000),(1479,20827,3,3,28,2,15.000),(1480,20827,3,3,30,2,15.000),(1481,20827,3,3,32,2,15.000),(1482,20827,3,3,34,2,15.000),(1483,20827,3,3,36,2,15.000),(1484,20827,3,3,38,2,15.000),(1485,20827,3,3,40,2,15.000),(1486,20827,3,3,42,2,15.000),(1487,20827,3,3,24,3,30.000),(1488,20827,3,3,26,3,30.000),(1489,20827,3,3,28,3,30.000),(1490,20827,3,3,30,3,30.000),(1491,20827,3,3,32,3,30.000),(1492,20827,3,3,34,3,30.000),(1493,20827,3,3,36,3,30.000),(1494,20827,3,3,38,3,30.000),(1495,20827,3,3,40,3,30.000),(1496,20827,3,3,42,3,30.000),(1497,20827,3,3,34,4,187.000),(1498,20827,3,3,32,7,120.000),(1499,20827,3,3,42,7,120.000),(1500,20827,3,2,36,6,120.000),(1501,20827,3,2,24,8,120.000),(1502,20827,3,2,26,8,120.000),(1503,20827,3,2,28,8,120.000),(1504,20827,3,2,30,8,120.000),(1505,20827,3,2,32,8,120.000),(1506,20827,3,2,34,8,120.000),(1507,20827,3,2,36,8,120.000),(1508,20827,3,2,38,8,120.000),(1509,20827,3,2,40,8,120.000),(1510,20827,3,2,42,8,120.000),(1511,20827,3,2,32,5,105.000),(1512,20827,3,2,42,5,105.000),(1513,20827,4,4,24,1,75.000),(1514,20827,4,4,26,1,75.000),(1515,20827,4,4,28,1,75.000),(1516,20827,4,4,30,1,75.000),(1517,20827,4,4,32,1,75.000),(1518,20827,4,4,34,1,75.000),(1519,20827,4,4,36,1,75.000),(1520,20827,4,4,38,1,75.000),(1521,20827,4,4,40,1,75.000),(1522,20827,4,4,42,1,75.000),(1523,20827,4,4,24,2,15.000),(1524,20827,4,4,26,2,15.000),(1525,20827,4,4,28,2,15.000),(1526,20827,4,4,30,2,15.000),(1527,20827,4,4,32,2,15.000),(1528,20827,4,4,34,2,15.000),(1529,20827,4,4,36,2,15.000),(1530,20827,4,4,38,2,15.000),(1531,20827,4,4,40,2,15.000),(1532,20827,4,4,42,2,15.000),(1533,20827,4,4,24,3,30.000),(1534,20827,4,4,26,3,30.000),(1535,20827,4,4,28,3,30.000),(1536,20827,4,4,30,3,30.000),(1537,20827,4,4,32,3,30.000),(1538,20827,4,4,34,3,30.000),(1539,20827,4,4,36,3,30.000),(1540,20827,4,4,38,3,30.000),(1541,20827,4,4,40,3,30.000),(1542,20827,4,4,42,3,30.000),(1543,20827,4,4,34,4,187.000),(1544,20827,4,4,32,7,120.000),(1545,20827,4,4,42,7,120.000),(1546,20827,4,4,30,10,75.000),(1547,20827,4,4,38,10,75.000),(1548,20827,4,4,24,8,120.000),(1549,20827,4,4,26,8,120.000),(1550,20827,4,4,28,8,120.000),(1551,20827,4,4,30,8,120.000),(1552,20827,4,4,32,8,120.000),(1553,20827,4,4,34,8,120.000),(1554,20827,4,4,36,8,120.000),(1555,20827,4,4,38,8,120.000),(1556,20827,4,4,40,8,120.000),(1557,20827,4,4,42,8,120.000),(1558,20827,9,19,24,1,75.000),(1559,20827,9,19,26,1,75.000),(1560,20827,9,19,28,1,75.000),(1561,20827,9,19,30,1,75.000),(1562,20827,9,19,32,1,75.000),(1563,20827,9,19,34,1,75.000),(1564,20827,9,19,36,1,75.000),(1565,20827,9,19,38,1,75.000),(1566,20827,9,19,40,1,75.000),(1567,20827,9,19,42,1,75.000),(1568,20827,9,19,24,2,15.000),(1569,20827,9,19,26,2,15.000),(1570,20827,9,19,28,2,15.000),(1571,20827,9,19,30,2,15.000),(1572,20827,9,19,32,2,15.000),(1573,20827,9,19,34,2,15.000),(1574,20827,9,19,36,2,15.000),(1575,20827,9,19,38,2,15.000),(1576,20827,9,19,40,2,15.000),(1577,20827,9,19,42,2,15.000),(1578,20827,9,19,24,3,30.000),(1579,20827,9,19,26,3,30.000),(1580,20827,9,19,28,3,30.000),(1581,20827,9,19,30,3,30.000),(1582,20827,9,19,32,3,30.000),(1583,20827,9,19,34,3,30.000),(1584,20827,9,19,36,3,30.000),(1585,20827,9,19,38,3,30.000),(1586,20827,9,19,40,3,30.000),(1587,20827,9,19,42,3,30.000),(1588,20827,9,19,34,4,187.000),(1589,20827,9,19,32,7,120.000),(1590,20827,9,19,42,7,120.000),(1591,20827,9,19,30,10,225.000),(1592,20827,9,19,38,10,225.000),(1593,20827,9,19,24,8,120.000),(1594,20827,9,19,26,8,120.000),(1595,20827,9,19,28,8,120.000),(1596,20827,9,19,30,8,120.000),(1597,20827,9,19,32,8,120.000),(1598,20827,9,19,34,8,120.000),(1599,20827,9,19,36,8,120.000),(1600,20827,9,19,38,8,120.000),(1601,20827,9,19,40,8,120.000),(1602,20827,9,19,42,8,120.000),(1603,20827,9,19,40,5,525.000),(1604,20827,9,19,36,6,120.000),(1605,20827,9,19,36,9,262.000),(1606,20827,9,19,38,11,1600.000),(1607,20827,9,21,24,1,75.000),(1608,20827,9,21,26,1,75.000),(1609,20827,9,21,28,1,75.000),(1610,20827,9,21,30,1,75.000),(1611,20827,9,21,32,1,75.000),(1612,20827,9,21,34,1,75.000),(1613,20827,9,21,36,1,75.000),(1614,20827,9,21,38,1,75.000),(1615,20827,9,21,40,1,75.000),(1616,20827,9,21,42,1,75.000),(1617,20827,9,21,24,2,15.000),(1618,20827,9,21,26,2,15.000),(1619,20827,9,21,28,2,15.000),(1620,20827,9,21,30,2,15.000),(1621,20827,9,21,32,2,15.000),(1622,20827,9,21,34,2,15.000),(1623,20827,9,21,36,2,15.000),(1624,20827,9,21,38,2,15.000),(1625,20827,9,21,40,2,15.000),(1626,20827,9,21,42,2,15.000),(1627,20827,9,21,24,3,30.000),(1628,20827,9,21,26,3,30.000),(1629,20827,9,21,28,3,30.000),(1630,20827,9,21,30,3,30.000),(1631,20827,9,21,32,3,30.000),(1632,20827,9,21,34,3,30.000),(1633,20827,9,21,36,3,30.000),(1634,20827,9,21,38,3,30.000),(1635,20827,9,21,40,3,30.000),(1636,20827,9,21,42,3,30.000),(1637,20827,9,21,34,4,187.000),(1638,20827,9,21,32,7,120.000),(1639,20827,9,21,42,7,120.000),(1640,20827,9,21,30,10,225.000),(1641,20827,9,21,38,10,225.000),(1642,20827,9,21,24,8,120.000),(1643,20827,9,21,26,8,120.000),(1644,20827,9,21,28,8,120.000),(1645,20827,9,21,30,8,120.000),(1646,20827,9,21,32,8,120.000),(1647,20827,9,21,34,8,120.000),(1648,20827,9,21,36,8,120.000),(1649,20827,9,21,38,8,120.000),(1650,20827,9,21,40,8,120.000),(1651,20827,9,21,42,8,120.000),(1652,20827,9,21,40,5,525.000),(1653,20827,9,21,36,6,120.000),(1654,20827,9,21,36,9,262.000),(1655,20827,9,21,38,11,1600.000),(1656,20827,9,20,24,1,75.000),(1657,20827,9,20,26,1,75.000),(1658,20827,9,20,28,1,75.000),(1659,20827,9,20,30,1,75.000),(1660,20827,9,20,32,1,75.000),(1661,20827,9,20,34,1,75.000),(1662,20827,9,20,36,1,75.000),(1663,20827,9,20,38,1,75.000),(1664,20827,9,20,40,1,75.000),(1665,20827,9,20,42,1,75.000),(1666,20827,9,20,24,2,15.000),(1667,20827,9,20,26,2,15.000),(1668,20827,9,20,28,2,15.000),(1669,20827,9,20,30,2,15.000),(1670,20827,9,20,32,2,15.000),(1671,20827,9,20,34,2,15.000),(1672,20827,9,20,36,2,15.000),(1673,20827,9,20,38,2,15.000),(1674,20827,9,20,40,2,15.000),(1675,20827,9,20,42,2,15.000),(1676,20827,9,20,24,3,30.000),(1677,20827,9,20,26,3,30.000),(1678,20827,9,20,28,3,30.000),(1679,20827,9,20,30,3,30.000),(1680,20827,9,20,32,3,30.000),(1681,20827,9,20,34,3,30.000),(1682,20827,9,20,36,3,30.000),(1683,20827,9,20,38,3,30.000),(1684,20827,9,20,40,3,30.000),(1685,20827,9,20,42,3,30.000),(1686,20827,9,20,32,7,120.000),(1687,20827,9,20,42,7,120.000),(1688,20827,9,20,30,10,150.000),(1689,20827,9,20,38,10,150.000),(1690,20827,9,20,24,8,120.000),(1691,20827,9,20,26,8,120.000),(1692,20827,9,20,28,8,120.000),(1693,20827,9,20,30,8,120.000),(1694,20827,9,20,32,8,120.000),(1695,20827,9,20,34,8,120.000),(1696,20827,9,20,36,8,120.000),(1697,20827,9,20,38,8,120.000),(1698,20827,9,20,40,8,120.000),(1699,20827,9,20,42,8,120.000),(1700,20827,9,20,36,6,120.000),(1701,20827,9,20,36,9,262.000),(1702,20827,9,20,26,4,75.000),(1703,20827,9,20,30,4,75.000),(1704,20827,9,20,34,4,75.000),(1705,20827,9,20,38,4,75.000),(1706,20827,9,20,42,4,75.000),(1707,20827,9,22,24,1,75.000),(1708,20827,9,22,26,1,75.000),(1709,20827,9,22,28,1,75.000),(1710,20827,9,22,30,1,75.000),(1711,20827,9,22,32,1,75.000),(1712,20827,9,22,34,1,75.000),(1713,20827,9,22,36,1,75.000),(1714,20827,9,22,38,1,75.000),(1715,20827,9,22,40,1,75.000),(1716,20827,9,22,42,1,75.000),(1717,20827,9,22,24,2,15.000),(1718,20827,9,22,26,2,15.000),(1719,20827,9,22,28,2,15.000),(1720,20827,9,22,30,2,15.000),(1721,20827,9,22,32,2,15.000),(1722,20827,9,22,34,2,15.000),(1723,20827,9,22,36,2,15.000),(1724,20827,9,22,38,2,15.000),(1725,20827,9,22,40,2,15.000),(1726,20827,9,22,42,2,15.000),(1727,20827,9,22,24,3,30.000),(1728,20827,9,22,26,3,30.000),(1729,20827,9,22,28,3,30.000),(1730,20827,9,22,30,3,30.000),(1731,20827,9,22,32,3,30.000),(1732,20827,9,22,34,3,30.000),(1733,20827,9,22,36,3,30.000),(1734,20827,9,22,38,3,30.000),(1735,20827,9,22,40,3,30.000),(1736,20827,9,22,42,3,30.000),(1737,20827,9,22,32,7,120.000),(1738,20827,9,22,42,7,120.000),(1739,20827,9,22,30,10,225.000),(1740,20827,9,22,38,10,225.000),(1741,20827,9,22,24,8,120.000),(1742,20827,9,22,26,8,120.000),(1743,20827,9,22,28,8,120.000),(1744,20827,9,22,30,8,120.000),(1745,20827,9,22,32,8,120.000),(1746,20827,9,22,34,8,120.000),(1747,20827,9,22,36,8,120.000),(1748,20827,9,22,38,8,120.000),(1749,20827,9,22,40,8,120.000),(1750,20827,9,22,42,8,120.000),(1751,20827,9,22,36,6,120.000),(1752,20827,9,22,36,9,262.000),(1753,20827,9,22,26,4,75.000),(1754,20827,9,22,30,4,75.000),(1755,20827,9,22,34,4,75.000),(1756,20827,9,22,38,4,75.000),(1757,20827,9,22,42,4,75.000),(1758,20827,7,8,24,1,75.000),(1759,20827,7,8,26,1,75.000),(1760,20827,7,8,28,1,75.000),(1761,20827,7,8,30,1,75.000),(1762,20827,7,8,32,1,75.000),(1763,20827,7,8,34,1,75.000),(1764,20827,7,8,36,1,75.000),(1765,20827,7,8,38,1,75.000),(1766,20827,7,8,40,1,75.000),(1767,20827,7,8,42,1,75.000),(1768,20827,7,8,24,2,15.000),(1769,20827,7,8,26,2,15.000),(1770,20827,7,8,28,2,15.000),(1771,20827,7,8,30,2,15.000),(1772,20827,7,8,32,2,15.000),(1773,20827,7,8,34,2,15.000),(1774,20827,7,8,36,2,15.000),(1775,20827,7,8,38,2,15.000),(1776,20827,7,8,40,2,15.000),(1777,20827,7,8,42,2,15.000),(1778,20827,7,8,24,3,30.000),(1779,20827,7,8,26,3,30.000),(1780,20827,7,8,28,3,30.000),(1781,20827,7,8,30,3,30.000),(1782,20827,7,8,32,3,30.000),(1783,20827,7,8,34,3,30.000),(1784,20827,7,8,36,3,30.000),(1785,20827,7,8,38,3,30.000),(1786,20827,7,8,40,3,30.000),(1787,20827,7,8,42,3,30.000),(1788,20827,7,8,34,4,187.000),(1789,20827,7,8,32,7,120.000),(1790,20827,7,8,42,7,120.000),(1791,20827,7,8,36,9,187.000),(1792,20827,7,8,36,6,120.000),(1793,20827,7,8,24,8,120.000),(1794,20827,7,8,26,8,120.000),(1795,20827,7,8,28,8,120.000),(1796,20827,7,8,30,8,120.000),(1797,20827,7,8,32,8,120.000),(1798,20827,7,8,34,8,120.000),(1799,20827,7,8,36,8,120.000),(1800,20827,7,8,38,8,120.000),(1801,20827,7,8,40,8,120.000),(1802,20827,7,8,42,8,120.000),(1803,20827,7,8,32,5,105.000),(1804,20827,7,8,42,5,105.000),(1805,20827,7,8,38,11,900.000),(1806,20827,7,9,24,1,75.000),(1807,20827,7,9,26,1,75.000),(1808,20827,7,9,28,1,75.000),(1809,20827,7,9,30,1,75.000),(1810,20827,7,9,32,1,75.000),(1811,20827,7,9,34,1,75.000),(1812,20827,7,9,36,1,75.000),(1813,20827,7,9,38,1,75.000),(1814,20827,7,9,40,1,75.000),(1815,20827,7,9,42,1,75.000),(1816,20827,7,9,24,2,15.000),(1817,20827,7,9,26,2,15.000),(1818,20827,7,9,28,2,15.000),(1819,20827,7,9,30,2,15.000),(1820,20827,7,9,32,2,15.000),(1821,20827,7,9,34,2,15.000),(1822,20827,7,9,36,2,15.000),(1823,20827,7,9,38,2,15.000),(1824,20827,7,9,40,2,15.000),(1825,20827,7,9,42,2,15.000),(1826,20827,7,9,24,3,30.000),(1827,20827,7,9,26,3,30.000),(1828,20827,7,9,28,3,30.000),(1829,20827,7,9,30,3,30.000),(1830,20827,7,9,32,3,30.000),(1831,20827,7,9,34,3,30.000),(1832,20827,7,9,36,3,30.000),(1833,20827,7,9,38,3,30.000),(1834,20827,7,9,40,3,30.000),(1835,20827,7,9,42,3,30.000),(1836,20827,7,9,34,4,187.000),(1837,20827,7,9,32,7,120.000),(1838,20827,7,9,42,7,120.000),(1839,20827,7,9,30,10,75.000),(1840,20827,7,9,38,10,75.000),(1841,20827,7,9,36,6,120.000),(1842,20827,7,9,24,8,120.000),(1843,20827,7,9,26,8,120.000),(1844,20827,7,9,28,8,120.000),(1845,20827,7,9,30,8,120.000),(1846,20827,7,9,32,8,120.000),(1847,20827,7,9,34,8,120.000),(1848,20827,7,9,36,8,120.000),(1849,20827,7,9,38,8,120.000),(1850,20827,7,9,40,8,120.000),(1851,20827,7,9,42,8,120.000),(1852,20827,7,9,32,5,105.000),(1853,20827,7,9,42,5,105.000),(1854,20827,7,9,38,11,900.000),(1855,20827,8,13,24,1,75.000),(1856,20827,8,13,26,1,75.000),(1857,20827,8,13,28,1,75.000),(1858,20827,8,13,30,1,75.000),(1859,20827,8,13,32,1,75.000),(1860,20827,8,13,34,1,75.000),(1861,20827,8,13,36,1,75.000),(1862,20827,8,13,38,1,75.000),(1863,20827,8,13,40,1,75.000),(1864,20827,8,13,42,1,75.000),(1865,20827,8,13,24,2,15.000),(1866,20827,8,13,26,2,15.000),(1867,20827,8,13,28,2,15.000),(1868,20827,8,13,30,2,15.000),(1869,20827,8,13,32,2,15.000),(1870,20827,8,13,34,2,15.000),(1871,20827,8,13,36,2,15.000),(1872,20827,8,13,38,2,15.000),(1873,20827,8,13,40,2,15.000),(1874,20827,8,13,42,2,15.000),(1875,20827,8,13,24,3,30.000),(1876,20827,8,13,26,3,30.000),(1877,20827,8,13,28,3,30.000),(1878,20827,8,13,30,3,30.000),(1879,20827,8,13,32,3,30.000),(1880,20827,8,13,34,3,30.000),(1881,20827,8,13,36,3,30.000),(1882,20827,8,13,38,3,30.000),(1883,20827,8,13,40,3,30.000),(1884,20827,8,13,42,3,30.000),(1885,20827,8,13,34,4,187.000),(1886,20827,8,13,32,7,120.000),(1887,20827,8,13,42,7,120.000),(1888,20827,8,13,36,9,187.000),(1889,20827,8,13,36,6,120.000),(1890,20827,8,13,24,8,120.000),(1891,20827,8,13,26,8,120.000),(1892,20827,8,13,28,8,120.000),(1893,20827,8,13,30,8,120.000),(1894,20827,8,13,32,8,120.000),(1895,20827,8,13,34,8,120.000),(1896,20827,8,13,36,8,120.000),(1897,20827,8,13,38,8,120.000),(1898,20827,8,13,40,8,120.000),(1899,20827,8,13,42,8,120.000),(1900,20827,8,13,40,5,105.000),(1901,20827,8,12,24,1,75.000),(1902,20827,8,12,26,1,75.000),(1903,20827,8,12,28,1,75.000),(1904,20827,8,12,30,1,75.000),(1905,20827,8,12,32,1,75.000),(1906,20827,8,12,34,1,75.000),(1907,20827,8,12,36,1,75.000),(1908,20827,8,12,38,1,75.000),(1909,20827,8,12,40,1,75.000),(1910,20827,8,12,42,1,75.000),(1911,20827,8,12,24,2,15.000),(1912,20827,8,12,26,2,15.000),(1913,20827,8,12,28,2,15.000),(1914,20827,8,12,30,2,15.000),(1915,20827,8,12,32,2,15.000),(1916,20827,8,12,34,2,15.000),(1917,20827,8,12,36,2,15.000),(1918,20827,8,12,38,2,15.000),(1919,20827,8,12,40,2,15.000),(1920,20827,8,12,42,2,15.000),(1921,20827,8,12,24,3,30.000),(1922,20827,8,12,26,3,30.000),(1923,20827,8,12,28,3,30.000),(1924,20827,8,12,30,3,30.000),(1925,20827,8,12,32,3,30.000),(1926,20827,8,12,34,3,30.000),(1927,20827,8,12,36,3,30.000),(1928,20827,8,12,38,3,30.000),(1929,20827,8,12,40,3,30.000),(1930,20827,8,12,42,3,30.000),(1931,20827,8,12,34,4,187.000),(1932,20827,8,12,32,7,120.000),(1933,20827,8,12,42,7,120.000),(1934,20827,8,12,36,6,120.000),(1935,20827,8,12,24,8,120.000),(1936,20827,8,12,26,8,120.000),(1937,20827,8,12,28,8,120.000),(1938,20827,8,12,30,8,120.000),(1939,20827,8,12,32,8,120.000),(1940,20827,8,12,34,8,120.000),(1941,20827,8,12,36,8,120.000),(1942,20827,8,12,38,8,120.000),(1943,20827,8,12,40,8,120.000),(1944,20827,8,12,42,8,120.000),(1945,20827,8,12,40,5,105.000),(1946,20827,8,14,24,1,75.000),(1947,20827,8,14,26,1,75.000),(1948,20827,8,14,28,1,75.000),(1949,20827,8,14,30,1,75.000),(1950,20827,8,14,32,1,75.000),(1951,20827,8,14,34,1,75.000),(1952,20827,8,14,36,1,75.000),(1953,20827,8,14,38,1,75.000),(1954,20827,8,14,40,1,75.000),(1955,20827,8,14,42,1,75.000),(1956,20827,8,14,24,2,15.000),(1957,20827,8,14,26,2,15.000),(1958,20827,8,14,28,2,15.000),(1959,20827,8,14,30,2,15.000),(1960,20827,8,14,32,2,15.000),(1961,20827,8,14,34,2,15.000),(1962,20827,8,14,36,2,15.000),(1963,20827,8,14,38,2,15.000),(1964,20827,8,14,40,2,15.000),(1965,20827,8,14,42,2,15.000),(1966,20827,8,14,24,3,30.000),(1967,20827,8,14,26,3,30.000),(1968,20827,8,14,28,3,30.000),(1969,20827,8,14,30,3,30.000),(1970,20827,8,14,32,3,30.000),(1971,20827,8,14,34,3,30.000),(1972,20827,8,14,36,3,30.000),(1973,20827,8,14,38,3,30.000),(1974,20827,8,14,40,3,30.000),(1975,20827,8,14,42,3,30.000),(1976,20827,8,14,34,4,187.000),(1977,20827,8,14,32,7,120.000),(1978,20827,8,14,42,7,120.000),(1979,20827,8,14,38,9,187.000),(1980,20827,8,14,36,6,120.000),(1981,20827,8,14,24,8,120.000),(1982,20827,8,14,26,8,120.000),(1983,20827,8,14,28,8,120.000),(1984,20827,8,14,30,8,120.000),(1985,20827,8,14,32,8,120.000),(1986,20827,8,14,34,8,120.000),(1987,20827,8,14,36,8,120.000),(1988,20827,8,14,38,8,120.000),(1989,20827,8,14,40,8,120.000),(1990,20827,8,14,42,8,120.000),(1991,20827,8,14,40,5,105.000),(1992,20827,8,10,24,1,75.000),(1993,20827,8,10,26,1,75.000),(1994,20827,8,10,28,1,75.000),(1995,20827,8,10,30,1,75.000),(1996,20827,8,10,32,1,75.000),(1997,20827,8,10,34,1,75.000),(1998,20827,8,10,36,1,75.000),(1999,20827,8,10,38,1,75.000),(2000,20827,8,10,40,1,75.000),(2001,20827,8,10,42,1,75.000),(2002,20827,8,10,24,2,15.000),(2003,20827,8,10,26,2,15.000),(2004,20827,8,10,28,2,15.000),(2005,20827,8,10,30,2,15.000),(2006,20827,8,10,32,2,15.000),(2007,20827,8,10,34,2,15.000),(2008,20827,8,10,36,2,15.000),(2009,20827,8,10,38,2,15.000),(2010,20827,8,10,40,2,15.000),(2011,20827,8,10,42,2,15.000),(2012,20827,8,10,24,3,30.000),(2013,20827,8,10,26,3,30.000),(2014,20827,8,10,28,3,30.000),(2015,20827,8,10,30,3,30.000),(2016,20827,8,10,32,3,30.000),(2017,20827,8,10,34,3,30.000),(2018,20827,8,10,36,3,30.000),(2019,20827,8,10,38,3,30.000),(2020,20827,8,10,40,3,30.000),(2021,20827,8,10,42,3,30.000),(2022,20827,8,10,34,4,187.000),(2023,20827,8,10,32,7,120.000),(2024,20827,8,10,42,7,120.000),(2025,20827,8,10,36,9,187.000),(2026,20827,8,10,36,6,120.000),(2027,20827,8,10,24,8,120.000),(2028,20827,8,10,26,8,120.000),(2029,20827,8,10,28,8,120.000),(2030,20827,8,10,30,8,120.000),(2031,20827,8,10,32,8,120.000),(2032,20827,8,10,34,8,120.000),(2033,20827,8,10,36,8,120.000),(2034,20827,8,10,38,8,120.000),(2035,20827,8,10,40,8,120.000),(2036,20827,8,10,42,8,120.000),(2037,20827,8,10,40,5,105.000),(2038,20827,8,15,24,1,75.000),(2039,20827,8,15,26,1,75.000),(2040,20827,8,15,28,1,75.000),(2041,20827,8,15,30,1,75.000),(2042,20827,8,15,32,1,75.000),(2043,20827,8,15,34,1,75.000),(2044,20827,8,15,36,1,75.000),(2045,20827,8,15,38,1,75.000),(2046,20827,8,15,40,1,75.000),(2047,20827,8,15,42,1,75.000),(2048,20827,8,15,24,2,15.000),(2049,20827,8,15,26,2,15.000),(2050,20827,8,15,28,2,15.000),(2051,20827,8,15,30,2,15.000),(2052,20827,8,15,32,2,15.000),(2053,20827,8,15,34,2,15.000),(2054,20827,8,15,36,2,15.000),(2055,20827,8,15,38,2,15.000),(2056,20827,8,15,40,2,15.000),(2057,20827,8,15,42,2,15.000),(2058,20827,8,15,24,3,30.000),(2059,20827,8,15,26,3,30.000),(2060,20827,8,15,28,3,30.000),(2061,20827,8,15,30,3,30.000),(2062,20827,8,15,32,3,30.000),(2063,20827,8,15,34,3,30.000),(2064,20827,8,15,36,3,30.000),(2065,20827,8,15,38,3,30.000),(2066,20827,8,15,40,3,30.000),(2067,20827,8,15,42,3,30.000),(2068,20827,8,15,34,4,187.000),(2069,20827,8,15,32,7,120.000),(2070,20827,8,15,42,7,120.000),(2071,20827,8,15,36,6,120.000),(2072,20827,8,15,24,8,120.000),(2073,20827,8,15,26,8,120.000),(2074,20827,8,15,28,8,120.000),(2075,20827,8,15,30,8,120.000),(2076,20827,8,15,32,8,120.000),(2077,20827,8,15,34,8,120.000),(2078,20827,8,15,36,8,120.000),(2079,20827,8,15,38,8,120.000),(2080,20827,8,15,40,8,120.000),(2081,20827,8,15,42,8,120.000),(2082,20827,8,15,40,5,105.000),(2083,20827,8,15,30,10,75.000),(2084,20827,8,15,38,10,75.000),(2085,20827,8,11,24,1,75.000),(2086,20827,8,11,26,1,75.000),(2087,20827,8,11,28,1,75.000),(2088,20827,8,11,30,1,75.000),(2089,20827,8,11,32,1,75.000),(2090,20827,8,11,34,1,75.000),(2091,20827,8,11,36,1,75.000),(2092,20827,8,11,38,1,75.000),(2093,20827,8,11,40,1,75.000),(2094,20827,8,11,42,1,75.000),(2095,20827,8,11,24,2,15.000),(2096,20827,8,11,26,2,15.000),(2097,20827,8,11,28,2,15.000),(2098,20827,8,11,30,2,15.000),(2099,20827,8,11,32,2,15.000),(2100,20827,8,11,34,2,15.000),(2101,20827,8,11,36,2,15.000),(2102,20827,8,11,38,2,15.000),(2103,20827,8,11,40,2,15.000),(2104,20827,8,11,42,2,15.000),(2105,20827,8,11,24,3,30.000),(2106,20827,8,11,26,3,30.000),(2107,20827,8,11,28,3,30.000),(2108,20827,8,11,30,3,30.000),(2109,20827,8,11,32,3,30.000),(2110,20827,8,11,34,3,30.000),(2111,20827,8,11,36,3,30.000),(2112,20827,8,11,38,3,30.000),(2113,20827,8,11,40,3,30.000),(2114,20827,8,11,42,3,30.000),(2115,20827,8,11,34,4,187.000),(2116,20827,8,11,32,7,120.000),(2117,20827,8,11,42,7,120.000),(2118,20827,8,11,36,6,120.000),(2119,20827,8,11,24,8,120.000),(2120,20827,8,11,26,8,120.000),(2121,20827,8,11,28,8,120.000),(2122,20827,8,11,30,8,120.000),(2123,20827,8,11,32,8,120.000),(2124,20827,8,11,34,8,120.000),(2125,20827,8,11,36,8,120.000),(2126,20827,8,11,38,8,120.000),(2127,20827,8,11,40,8,120.000),(2128,20827,8,11,42,8,120.000),(2129,20827,8,11,40,5,105.000),(2130,20827,8,11,30,10,75.000),(2131,20827,8,11,38,10,75.000),(2132,20827,6,7,24,1,75.000),(2133,20827,6,7,26,1,75.000),(2134,20827,6,7,28,1,75.000),(2135,20827,6,7,30,1,75.000),(2136,20827,6,7,32,1,75.000),(2137,20827,6,7,34,1,75.000),(2138,20827,6,7,36,1,75.000),(2139,20827,6,7,38,1,75.000),(2140,20827,6,7,40,1,75.000),(2141,20827,6,7,42,1,75.000),(2142,20827,6,7,24,2,15.000),(2143,20827,6,7,26,2,15.000),(2144,20827,6,7,28,2,15.000),(2145,20827,6,7,30,2,15.000),(2146,20827,6,7,32,2,15.000),(2147,20827,6,7,34,2,15.000),(2148,20827,6,7,36,2,15.000),(2149,20827,6,7,38,2,15.000),(2150,20827,6,7,40,2,15.000),(2151,20827,6,7,42,2,15.000),(2152,20827,6,7,26,4,75.000),(2153,20827,6,7,30,4,75.000),(2154,20827,6,7,34,4,75.000),(2155,20827,6,7,38,4,75.000),(2156,20827,6,7,42,4,75.000),(2157,20827,6,7,36,6,120.000),(2158,20827,6,7,32,7,120.000),(2159,20827,6,7,42,7,120.000),(2161,20827,6,7,0,10,225.000),(2162,20827,6,7,0,11,1200.000),(2163,20827,6,7,24,8,120.000),(2164,20827,6,7,26,8,120.000),(2165,20827,6,7,28,8,120.000),(2166,20827,6,7,30,8,120.000),(2167,20827,6,7,32,8,120.000),(2168,20827,6,7,34,8,120.000),(2169,20827,6,7,36,8,120.000),(2170,20827,6,7,38,8,120.000),(2171,20827,6,7,40,8,120.000),(2172,20827,6,7,42,8,120.000),(2173,20827,6,6,24,1,75.000),(2174,20827,6,6,26,1,75.000),(2175,20827,6,6,28,1,75.000),(2176,20827,6,6,30,1,75.000),(2177,20827,6,6,32,1,75.000),(2178,20827,6,6,34,1,75.000),(2179,20827,6,6,36,1,75.000),(2180,20827,6,6,38,1,75.000),(2181,20827,6,6,40,1,75.000),(2182,20827,6,6,42,1,75.000),(2183,20827,6,6,24,2,15.000),(2184,20827,6,6,26,2,15.000),(2185,20827,6,6,28,2,15.000),(2186,20827,6,6,30,2,15.000),(2187,20827,6,6,32,2,15.000),(2188,20827,6,6,34,2,15.000),(2189,20827,6,6,36,2,15.000),(2190,20827,6,6,38,2,15.000),(2191,20827,6,6,40,2,15.000),(2192,20827,6,6,42,2,15.000),(2193,20827,6,6,26,4,75.000),(2194,20827,6,6,30,4,75.000),(2195,20827,6,6,34,4,75.000),(2196,20827,6,6,38,4,75.000),(2197,20827,6,6,42,4,75.000),(2198,20827,6,6,36,6,120.000),(2199,20827,6,6,32,7,120.000),(2200,20827,6,6,42,7,120.000),(2202,20827,6,6,0,10,225.000),(2203,20827,6,6,0,11,1200.000),(2204,20827,6,6,24,8,120.000),(2205,20827,6,6,26,8,120.000),(2206,20827,6,6,28,8,120.000),(2207,20827,6,6,30,8,120.000),(2208,20827,6,6,32,8,120.000),(2209,20827,6,6,34,8,120.000),(2210,20827,6,6,36,8,120.000),(2211,20827,6,6,38,8,120.000),(2212,20827,6,6,40,8,120.000),(2213,20827,6,6,42,8,120.000),(2214,20827,6,6,36,9,187.000);
/*!40000 ALTER TABLE `b_autodoc_tscalc_services_price` ENABLE KEYS */;
UNLOCK TABLES;
/*!40103 SET TIME_ZONE=@OLD_TIME_ZONE */;

/*!40101 SET SQL_MODE=@OLD_SQL_MODE */;
/*!40014 SET FOREIGN_KEY_CHECKS=@OLD_FOREIGN_KEY_CHECKS */;
/*!40014 SET UNIQUE_CHECKS=@OLD_UNIQUE_CHECKS */;
/*!40101 SET CHARACTER_SET_CLIENT=@OLD_CHARACTER_SET_CLIENT */;
/*!40101 SET CHARACTER_SET_RESULTS=@OLD_CHARACTER_SET_RESULTS */;
/*!40101 SET COLLATION_CONNECTION=@OLD_COLLATION_CONNECTION */;
/*!40111 SET SQL_NOTES=@OLD_SQL_NOTES */;

-- Dump completed on 2016-06-18 16:20:56
